Ticker,Name,Exchange
A,Agilent Technologies,NYSE
AA,Alcoa Inc.,NYSE
AAT,American Assets Trust,NYSE
AB,Alliance Capital Management L.P.,NYSE
ABBV,Abbvie Inc. Common Stock,NYSE
ABM,Abm Industries Incorporated,NYSE
ABR,Arbor Realty Trust,NYSE
ABT,Abbot Laboratories,NYSE
ACI,Arch Coal,NYSE
ACM,Aecom Technology Corp.,NYSE
ACN,Accenture Plc.,NYSE
ACP,Avenue Income Credit Strategies,NYSE
ACRE,Ares Commercial Real Estate Cor,NYSE
ACT,Actavis Inc.,NYSE
ADC,Agree Realty Corp.,NYSE
ADM,Archer-Daniels-Midland Company,NYSE
ADT,Adt Corporation Common Stock W,NYSE
ADX,Adams Express Company,NYSE
AEE,Ameren Corp.,NYSE
AEG,Aegon Nv,NYSE
AEM,Agnico-Eagle Mines Limited,NYSE
AEO,American Eagle Outfitters,NYSE
AEP,American Electric Power Company,NYSE
AER,Aercap Holdings N.V.,NYSE
AES,The Aes Corp.,NYSE
AFB,Alliance National Municipal,NYSE
AFG,American Financial Group  ,NYSE
AFL,Aflac Incorporated,NYSE
AG,First Majestic Silver,NYSE
AGCO,Agco Corp.,NYSE
AGD,Alpine Global Dynamic Dividend Fund,NYSE
AGI,Alamos Gold Inc.,NYSE
AGM,Federal Agricultural Mortgage Corp.,NYSE
AGO,Assured Guaranty Ltd,NYSE
AGRO,Adecoagro S.A.,NYSE
AHH,Armada Hoffler Properties Inc.,NYSE
AHL,Aspen Insurance Holdings,NYSE
AHT,Ashford Hospitality Trust Inc,NYSE
AI,Arlington Asset Investment Corp,NYSE
AIG,American International Group,NYSE
AIN,Albany International Corp.,NYSE
AIR,Aar ,NYSE
AIT,Applied Industrial Technologies,NYSE
AIV,Apartment Investment And Management,NYSE
AIZ,Assurant,NYSE
AJG,Arthur J. Gallagher & Co.,NYSE
AKR,Acadia Realty Trust,NYSE
AL,Air Lease Corporation Class A C,NYSE
ALB,Albemarle Corp.,NYSE
ALE,Allete,NYSE
ALEX,Alexander And Baldwin Inc,NYSE
ALG,Alamo Group,NYSE
ALK,Alaska Air Group,NYSE
ALL,Allstate Corporation,NYSE
ALSN,Allison Transmission Holdings,NYSE
ALV,Autoliv,NYSE
ALX,Alexander's,NYSE
AM,American Greetings Corp.,NYSE
AMD,Advanced Micro Devices,NYSE
AME,Amtek,NYSE
AMG,Affiliated Managers Group  ,NYSE
AMH,American Homes 4 Rent,NYSE
AMP,Ameriprise Financial Services,NYSE
AMRC,Ameresco Inc,NYSE
AMT,American Tower Corp.,NYSE
AMTD,TD Ameritrade Holding Corp.,NYSE
AMX,American Movil S.A.B. De C.V.,NYSE
AN,Autonation,NYSE
ANF,Abercrombie & Fitch Company,NYSE
AOD,Alpine Total Dynamic Dividend,NYSE
AON,Aon Plc,NYSE
AOS,Smith [A.O.] Corp.,NYSE
AP,Ampco-Pittsburgh Corp.,NYSE
APA,Apache Corp.,NYSE
APAM,Artisan Partners Asset Manageme,NYSE
APD,Air Products And Chemicals,NYSE
APH,Amphenol Corp.,NYSE
APO,Apollo Global Management LLc C,NYSE
ARDC,Ares Dynamic Credit Allocation,NYSE
ARE,Alexandria Real Estate Equities,NYSE
ARI,Apollo Commercial Real Estate,NYSE
ARL,American Realty Investors,NYSE
ARR,Armour Residential R,NYSE
ARW,Arrow Electronics,NYSE
ASA,Asa Gold And Precious Metals,NYSE
ASC,Ardmore Shipping Corporation,NYSE
ASG,Liberty All-Star Growth Fund,NYSE
ASGN,On Assignment,NYSE
ASH,Ashland Inc.,NYSE
ASR,Grupo Aeroporuario Del Sureste,NYSE
ASX,Advanced Semiconductor Engineering,NYSE
ATI,Allagheny Technologies Inc.,NYSE
ATO,Atmos Energy Llc,NYSE
ATR,Aptargroup,NYSE
AU,Anglogold Ashanti Ltd,NYSE
AVA,Avista Corp.,NYSE
AVB,Avalonbay Communities,NYSE
AVD,American Vanguard Corp.,NYSE
AVK,Advent Claymore Convertible Securities,NYSE
AVT,Avnet,NYSE
AVY,Avery Dennison Corp.,NYSE
AWF,Alliance World Dollar Fund II,NYSE
AWI,Armstrong World Industries Inc,NYSE
AWK,American Water Works,NYSE
AWP,Alpine Global Premier Propertie,NYSE
AWR,American States Water Company,NYSE
AXL,American Axle & Manufacturing,NYSE
AXP,American Express Company,NYSE
AXR,Amrep Corp.,NYSE
AXS,Axis Capital Holdings,NYSE
AYI,Acuity Brands Inc,NYSE
AZN,Astrazeneca Plc,NYSE
AZO,Autozone,NYSE
AZZ,Azz Inc.,NYSE
BCC,Boise Cascade L.L.C. Common ST,NYSE
BCE,Bce,NYSE
BCH,Banco De Chile,NYSE
BCO,Brink's Company,NYSE
BCS,Barclays Plc,NYSE
BCX,Blackrock Resources Common Shar,NYSE
BDC,Belden Inc,NYSE
BDJ,Blackrock Enhanced Dividend Achievers,NYSE
BDN,Brandywine Realty Trust,NYSE
BDX,Becton Dickinson And Company,NYSE
BEAM,Beam Inc,NYSE
BEN,Franklin Resources,NYSE
BEP,Brookfield Renewable,NYSE
BFAM,Bright Horizons Family Solutions Inc.,NYSE
BFK,Blackrock Florida Muni 2020 Trust,NYSE
BFS,Saul Centers,NYSE
BFZ,Blackrock California Muni Trust,NYSE
BG,Bunge Limited,NYSE
BGB,Blackstone / Gso Strategic Cre,NYSE
BGC,General Cable Corp.,NYSE
BGH,Babson Capital Global Short Du,NYSE
BGR,Blackrock Energy And Resources Trust,NYSE
BGS,B&G Foods Holdings,NYSE
BGT,Blackrock Global,NYSE
BGX,Blacstone Gso Long Short Credit Fund,NYSE
BGY,Blackrock International,NYSE
BH,Biglari Holdings Inc.,NYSE
BHE,Benchmark Electronics,NYSE
BHK,Blackrock Core Trust,NYSE
BHLB,Berkshire Hills Bancorp,NYSE
BHP,Bhp Billiton Limited,NYSE
BIO,Bio-Rad Laboratories,NYSE
BIOA,Bioamber Inc.,NYSE
BIP,Brookfield Infrastructure Partners Lp,NYSE
BIT,Blackrock Multi-Sector Income T,NYSE
BK,Bank Of New York Mellon Corp.,NYSE
BKD,Brookdale Senior Living Inc.,NYSE
BKE,Buckle,NYSE
BKH,Black Hills Corp.,NYSE
BKN,Blackrock Investment Quality Municipal,NYSE
BKT,Blackrock Income Trust Inc.,NYSE
BKU,Bankunited,NYSE
BLK,Blackrock,NYSE
BLW,Blackrock Limited Duration Income Trust,NYSE
BLX,Banco Latinoamericano De Comercio,NYSE
BMA,Banco Macro S.A.,NYSE
BME,Blackrock Health Sciences Trust,NYSE
BMI,Badger Meter,NYSE
BMO,Bank Of Montreal,NYSE
BMR,Biomed Realty Trust,NYSE
BMY,Bristol-Myers Squibb Company,NYSE
BNJ,Blackrock New Jersey Muni Income Trust,NYSE
BNS,Bank Of Nova Scotia,NYSE
BNY,Blackrock New York Muni Trust Inc.,NYSE
BOE,Blackrock Global,NYSE
BOH,Bank Of Hawaii Corp.,NYSE
BP,Bp P.L.C.,NYSE
BPT,Bp Prudhoe Bay Royalty Trust,NYSE
BR,Broadridge Financial Solutions Llc,NYSE
BRC,Brady Corp.,NYSE
BRFS,Brf-Brasil Foods S.A.,NYSE
BRO,Brown & Brown,NYSE
BRT,Brt Realty Trust,NYSE
BRY,Berry Petroleum Company,NYSE
BSAC,Banco Santander-Chile Ads,NYSE
BSBR,Banco Santander Brasil Sa,NYSE
BSL,Blackstone Gso Senior Floating Rate,NYSE
BSX,Boston Scientific Corp.,NYSE
BTA,Blackrock Long-Term Muni Advantage Trust,NYSE
BTE,Baytex Energy Corp,NYSE
BTO,John Hancock Bank And Thrift Fund,NYSE
BTT,Blackrock Municipal Target Term,NYSE
BTU,Peabody Energy Corp.,NYSE
BTZ,Blackrock Preferred,NYSE
BUD,Anheuser-Busch Inbev Sa,NYSE
BUI,Blackrock Utility And Infrastr,NYSE
BVN,Compania Mina Beunaventura S.A.,NYSE
BWA,Borgwarner Inc.,NYSE
BWG,Legg Mason Bw Global Income Op,NYSE
BXC,Bluelinx Holdings Inc.,NYSE
BXMT,Blackstone Mortgage Trust Inc. CI A,NYSE
BXP,Boston Properties,NYSE
BYD,Boyd Gaming Corp.,NYSE
BYM,Blackrock Muni Income Quality Trust,NYSE
BZ,Boise Inc,NYSE
BZH,Beazer Homes USA,NYSE
C,Citigroup Inc.,NYSE
CACI,Caci International,NYSE
CAE,Cae Inc,NYSE
CAF,Morgan Stanley China A Share Fun Inc.,NYSE
CAG,Conagra Foods,NYSE
CAH,Cardinal Health,NYSE
CALX,Calix Inc,NYSE
CAT,Caterpillar,NYSE
CATO,Cato Corp.,NYSE
CB,Chubb Corp.,NYSE
CBL,Cbl & Associated Properties,NYSE
CBT,Cabot Corp.,NYSE
CBU,Communitiy Bank System,NYSE
CBZ,Cbiz,NYSE
CCG,Campus Crest Communities,NYSE
CCI,Crown Castle International Corp.,NYSE
CCJ,Cameco Corp.,NYSE
CCK,Crown Cork & Seal Company,NYSE
CCL,Carnival Corp.,NYSE
CCM,Concord Medical Services,NYSE
CCO,Clear Channel Outdoor Holdings,NYSE
CCU,Compania Cervecerias Unidas S.A.,NYSE
CCZ,Comcast Corp.,NYSE
CDE,Coeur D'Alene Mines Corp.,NYSE
CE,Celanese Corp.,NYSE
CEE,Central Europe And Russia Fund,NYSE
CF,Cf Industries Holdings,NYSE
CFR,Cullen/Frost Bankers,NYSE
CHA,China Telecom Corp Ltd,NYSE
CHD,Church & Dwight Company,NYSE
CHE,Chemed,NYSE
CHH,Choice Hotels International,NYSE
CHN,China Fund,NYSE
CHT,Chunghwa Telecom Co Ltd,NYSE
CI,Cigna Corp.,NYSE
CIA,Citizens,NYSE
CIB,Bancolombia S.A.,NYSE
CIF,Colonial Intermediate High,NYSE
CIG,Comp En De Mn Cemig Ads,NYSE
CII,Blackrock Capital And Income Strategies,NYSE
CIM,Chimera Investment Corp.,NYSE
CL,Colgate-Palmolive Company,NYSE
CLB,Core Laboratories N.V.,NYSE
CLDT,Catham Lodging Trust [Reit],NYSE
CLF,Cliffs Natual Resources Inc.,NYSE
CLH,Clean Harbors,NYSE
CLS,Celestica,NYSE
CLW,Clearwater Paper Corp.,NYSE
CLX,Clorox Company,NYSE
CM,Canadian Imperial Bank Of Commerce,NYSE
CMA,Comerica Inc.,NYSE
CMC,Commercial Metals Company,NYSE
CMG,Chipotle Mexican Grill,NYSE
CMI,Cummmins Inc.,NYSE
CMP,Compass Minerals Intl Inc,NYSE
CMRE,Costamare Inc.,NYSE
CMS,Cms Energy Corp.,NYSE
CMU,Colonial Muni Income Trust,NYSE
CAN,Can Financial Corp.,NYSE
CNC,Centene Corp.,NYSE
CNH,Cnh Global N.V.,NYSE
CNI,Canadian National Railway Company,NYSE
CNK,Cinemark Holdings Inc,NYSE
CNO,Cno Financial Group,NYSE
CNP,Centerpoint Energy Inc,NYSE
CNQ,Canadian Natural Resources,NYSE
CNS,Cohn & Steers Inc,NYSE
CNX,Consol Energy Inc.,NYSE
CODI,Compass Diversified Holdings,NYSE
COF,Capital One Financial Corp.,NYSE
COO,Cooper Companies,NYSE
COP,Conocophillips,NYSE
COR,Coresite Realty Corp.,NYSE
COTY,Coty Inc,NYSE
CP,Canadian Pacific Railway,NYSE
CPA,Copa Holdings S.A.,NYSE
CPAC,Cementos Pacasmayo S.A.A.,NYSE
CPF,Cpb Inc.,NYSE
CPK,Chesapeake Utilities Corp.,NYSE
CPT,Camden Property Trust,NYSE
CR,Crane Company,NYSE
CRH,Crh Plc,NYSE
CRI,Carter's,NYSE
CRK,Comstock Resources,NYSE
CRL,Charles River Laboratories Intl,NYSE
CRM,Salesforce.Com Inc,NYSE
CRS,Carpenter Technology Corp.,NYSE
CRT,Cross Timbers Royalty Trust,NYSE
CSL,Carlisle Companies Inc.,NYSE
CSTM,Constellium N.V.,NYSE
CSV,Carriage Services,NYSE
CSX,Csx Corp.,NYSE
CTS,Cts Corp.,NYSE
CUB,Cubic Corp.,NYSE
CUBE,Cubesmart  ,NYSE
CUK,Carnival Plc Ads,NYSE
CUZ,Cousins Properties Inc.,NYSE
CVE,Cenovus Energy Inc,NYSE
CVI,Cvr Energy Inc.,NYSE
CVS,Cvs Corp.,NYSE
CVX,Chevron Corp.,NYSE
CW,Curtiss-Wright Corp.,NYSE
CWH,Commonwealth REIT,NYSE
CWT,California Water Service Group Holding,NYSE
CX,Cemex S.A.B. De C.V. Sponsored,NYSE
CXE,Colonial High Income Muni Trust,NYSE
CXH,Colonial Investment Grade Muni Trust,NYSE
CXW,Corrections Corporation Of America,NYSE
CYD,China Yuchai International,NYSE
CYH,Community Health Systems,NYSE
CYN,City National Corp.,NYSE
D,Dominion Resources,NYSE
DAC,Danaos Corp.,NYSE
DAL,Delta Air Lines Inc.,NYSE
DAN,Dana Holding Corp.,NYSE
DAR,Darling International Inc.,NYSE
DB,Deutsche Bank Ag,NYSE
DBD,Diebold Inc.,NYSE
DBL,Doubleline Opportunistic Credi,NYSE
DCI,Donaldson Company,NYSE
DCO,Ducommun Inc.,NYSE
DD,E.I. Du Pont De Nemours And Company,NYSE
DDD,3D Systems Corp.,NYSE
DDS,Dillard's,NYSE
DDT,Dillard's,NYSE
DE,Deere & Company,NYSE
DEI,Douglas Emmett,NYSE
DEO,Diageo Plc,NYSE
DFP,Flaherty & Crumrine Dynamic,NYSE
DFS,Discover Financial Services,NYSE
DG,Dollar General Corp.,NYSE
DGX,Quest Diagnostics Inc.,NYSE
DHF,Dreyfus High Yield Strategies Fund,NYSE
DHI,D.R. Horton,NYSE
DHR,Danaher Corp.,NYSE
DHT,Dht Holdings,NYSE
DHX,Dice Holdings,NYSE
DIN,Dineequity Inc,NYSE
DIS,Walt Disney Company,NYSE
DK,Dalek US Holdings,NYSE
DKL,Delek Logistics Partners Lp,NYSE
DKS,Dick's Sporting Goods Inc,NYSE
DLB,Dolby Laboratories,NYSE
DLR,Digital Realty Trust,NYSE
DLX,Deluxe Corp.,NYSE
DMB,Dreyfus Munipal Bond Indrastr,NYSE
DMO,Western Asset Mortgage Defined Opp,NYSE
DNB,Dun & Bradstreet Corp.,NYSE
DNP,Duff & Phelps Utilities Income,NYSE
DOC,Physicians Realty Trust,NYSE
DOLE,Dole Food Company,NYSE
DOV,Dover Corp.,NYSE
DOW,DOW Chemical Company,NYSE
DOX,Amdocs Limited,NYSE
DPG,Duff & Phelps Global Utility I,NYSE
DPZ,Domino's Pizza Inc,NYSE
DQ,Daqq New Energy,NYSE
DRD,Drdgold Limited,NYSE
DRH,Diamondrock Hospitality Company,NYSE
DRI,Darden Resorts International,NYSE
DSL,Doubleline Income Solutions Fun,NYSE
DSM,Dreyfus Strategic Muni Bond Fund,NYSE
DSU,Blackrock Debt Strategies Fund,NYSE
DSX,Diana Shipping Inc.,NYSE
DTE,Dte Energy Company,NYSE
DTF,Duff & Phelps Utilities Tax-Free Income,NYSE
DUK,Duke Energy Corp.,NYSE
DV,Devry Inc.,NYSE
DVA,Davita Inc.,NYSE
DVN,Devon Energy Corp.,NYSE
DX,Dynex Capital,NYSE
DY,Dycom Industries,NYSE
DYN,Dynegy Inc,NYSE
E,Eni S.P.A.,NYSE
EARN,Ellington Residential Mortgage,NYSE
EAT,Brinker International,NYSE
EBF,Ennis,NYSE
EBR,Centrais Elc Braz Pfb B Elbras,NYSE
EBS,Emergent Biosolutions,NYSE
EC,Ecopetrol S.A.,NYSE
ECL,Ecolab Inc.,NYSE
ED,Consolidated Edison Company Of New York,NYSE
EDD,Emerging Markets Domestic Debt Fund,NYSE
EDF,Stone Harbor Emerging Markets,NYSE
EDN,Empresa Distibuidora Y Comercializadora,NYSE
EDU,New Oriental Education & Technology,NYSE
EE,El Paso Electric Company,NYSE
EEA,European Equity Fund,NYSE
EFC,Ellington Financial Llc,NYSE
EFR,Eaton Vance Senior Floating-Rate Fund,NYSE
EFT,Eaton Vance Floating Rate Income Trust,NYSE
EFX,Equifax,NYSE
EGO,Eldorado Gold Corp,NYSE
EGP,Eastgroup Properties,NYSE
EGY,Vaalco Energy Inc,NYSE
EHI,Western Asset Global High,NYSE
EIG,Employers Holdings Inc,NYSE
EIX,Edison International,NYSE
EL,Estee Lauder Companies,NYSE
ELP,Companhia Paranaense De Energia,NYSE
ELS,Equity Lifestyle Properties,NYSE
EMD,Western Asset Emerging Markets Fund,NYSE
EME,Emcor Group,NYSE
EMF,Templeton Emerging Markets Fund,NYSE
EMN,Eastman Chemical Company,NYSE
EMO,Clearbridge Energy MLP Opportu,NYSE
EMR,Emerson Electric Company,NYSE
ENB,Enbridge Inc,NYSE
ENJ,Entergy New Orleans Inc.,NYSE
ENR,Energizer Holdings,NYSE
ENS,Enersys,NYSE
EOD,Wells Fargo Global Dividend Opportunity,NYSE
EOG,Eog Resources,NYSE
EOI,Eaton Vance Enhance Equity,NYSE
EOS,Eaton Vance Enhanced Equity II,NYSE
EOT,Eaton Vance Muni Income Trust,NYSE
EPAM,Epam Systems Inc.,NYSE
EPD,Enterprise Products Partners L.P.,NYSE
EPR,Entertainment Properties Trust,NYSE
EQR,Equity Residential,NYSE
EQS,Equus Total Return,NYSE
EQT,Eqt Corp.,NYSE
ERJ,Embraer-Empresa Brasileira De,NYSE
ESE,Esco Technologies Inc.,NYSE
ESI,Itt Educational Services,NYSE
ESS,Essex Property Trust,NYSE
ETB,Eaton Vance Tax-Managed Buy-Write,NYSE
ETG,Eaton Vance Tax-Advantaged Global,NYSE
ETJ,Eaton Vance Risk-Managed Diversified,NYSE
ETN,Eaton Corp.,NYSE
ETO,Eaton Vance Tax-Advantage Global,NYSE
ETR,Entergy Corp.,NYSE
ETV,Eaton Vance Corp.,NYSE
ETW,Eaton Vance Corp.,NYSE
ETY,Eaton Vance Tax-Managed Diversified,NYSE
EVC,Entravision Communications Corp.,NYSE
EVER,Everbank Financial Corp.,NYSE
EVF,Eaton Vance Senior Income Trust,NYSE
EVG,Eaton Vance Short Diversified,NYSE
EVN,Eaton Vance Muni Income Trust,NYSE
EVR,Evercore Partners Inc,NYSE
EVT,Eaton Vance Tax Advantaged Dividend,NYSE
EVTC,Evertec Inc. Common Stock,NYSE
EW,Edwards Lifesciences Corp.,NYSE
EXC,Exelon Corp.,NYSE
EXG,Eaton Vance Tax-Managed Global,NYSE
EXK,Endeavour Silver Corp.,NYSE
EXP,Eagle Materials Inc.,NYSE
EXP,Eagle Materials Inc ,NYSE
EXR,Extra Space Storage Inc,NYSE
F,Ford Motor Company,NYSE
FAF,First American Corp.,NYSE
FBP,First Bancorp.,NYSE
FC,Franklin Covey Company,NYSE
FCF,First Commonwealth Financial Corp.,NYSE
FCN,Fti Consulting,NYSE
FCT,Senior Floating Rate II,NYSE
FCX,Freeport-Mcmoran Copper & Gold,NYSE
FDP,Fresh Del Monte Produce,NYSE
FDX,Fedex Corp.,NYSE
FE,Firstenergy Corp.,NYSE
FENG,Phoenix New Media Limited,NYSE
FET,Forum Energy Technologies Inc,NYSE
FF,Futurefuel Corp.,NYSE
FFA,First Trust Enhanced Equity Income Fund,NYSE
FFC,Flaherty Crumrine/Claymore Preferred,NYSE
FGB,Ferrellgas-Partners L.P.,NYSE
FHN,First Tennessee National Corp.,NYSE
FI,Frank's International N.V.,NYSE
FICO,Fair Isaac And Company Inc.,NYSE
FIX,Comfort Systems USA,NYSE
FL,Footlocker Inc,NYSE
FLC,Flaherty & Crumrine/Claymore Total,NYSE
FLO,Flowers Foods,NYSE
FLR,Fluor Corp.,NYSE
FLS,Flowserve Corp.,NYSE
FMC,Fmc Corp.,NYSE
FMN,Federated Premier Muni,NYSE
FMS,Fresenius Medical Care Corp.,NYSE
FMX,Fomento Economico Mexicano S.A.B. De,NYSE
FMY,First Trust/Fidac Mortgage Income Fund,NYSE
FN,Fabrinet,NYSE
FNB,F.N.B. Corp.,NYSE
FNF,Fidelity National Financial,NYSE
FNV,Franco Nev Corp,NYSE
FOF,Cohen & Steers Closed-End Opportunity,NYSE
FOR,Forestar Group Inc,NYSE
FPF,First Trust Intermediate Durat,NYSE
FR,First Industrial Realty Trust,NYSE
FRA,Blackrock Floating Rate Income Fund,NYSE
FRO,Frontline Ltd,NYSE
FRT,Federal Realty Investment Trust,NYSE
FSM,Fortuna Silver Mines,NYSE
FSS,Federal Signal Corp.,NYSE
FT,Franklin Universal Trust,NYSE
FTI,Fmc Technologies,NYSE
FTK,Flotek Industries,NYSE
FUL,H.B. Fuller Company,NYSE
FUN,Cedar Fair L.P.,NYSE
G,Genpact Limited,NYSE
GAB,Gabelli Equity Trust,NYSE
GAM,General American Investors,NYSE
GB,Greatbatch,NYSE
GBAB,Guggenheim Build America Bonds,NYSE
GBX,Greenbrier Companies,NYSE
GCI,Gannet Co.,NYSE
GCO,Genesco Inc.,NYSE
GCV,Gabelli Convertible And Income,NYSE
GD,General Dynamics Corp.,NYSE
GDL,The Gdl Fund,NYSE
GDO,Western Asset Global Corporate Defined,NYSE
GDOT,Green Dot Corp.,NYSE
GDV,Gabelli Dividend,NYSE
GE,General Electric Company,NYSE
GEF,Greif Bros. Corp.,NYSE
GEL,Genesis Energy L.P.,NYSE
GEO,Geo Group Inc,NYSE
GES,Guess,NYSE
GF,New Germany Fund,NYSE
GFF,Griffon Corp.,NYSE
GFI,Gold Fields Ltd,NYSE
GGB,Gerdau S.A.,NYSE
GGG,Graco Inc.,NYSE
GGT,Gabelli Global Multi-Media Trust,NYSE
GHI,Global High Income Dollar Fund,NYSE
GHY,Prudential Global Short Durati,NYSE
GIB,Cgi Group,NYSE
GIL,Gildan Activewear,NYSE
GIS,General Mills,NYSE
GJH,Strats Sm Trust For United States,NYSE
GJO,Strats Sm Trust For Wal-Mart Stores Inc,NYSE
GJP,Strats Sm Trust For Dominion Resources,NYSE
GJR,Strats Sm Trust For The Procter & Gamble,NYSE
GJS,Strats Sm Trust For Goldman Sachs Group,NYSE
GJT,Strats Sm Trust For Allstate Group,NYSE
GLP,Global Partners Lp,NYSE
GLW,Corning Inc.,NYSE
GM,General Motors Company,NYSE
GME,Gamestop Corp.,NYSE
GMED,Globus Medical Inc.,NYSE
GNE,Genie Energy Ltd. Class B Commo.,NYSE
GNK,Genco Shipping,NYSE
GNRC,Generac Holdings Inc.,NYSE
GNT,Gabelli Natural Resources Gold,NYSE
GNW,Genworth Financial Inc,NYSE
GOF,Claymore/Guggenheim Strategic Fund,NYSE
GPC,Genuine Parts Company,NYSE
GPI,Group 1 Automotive,NYSE
GPK,Graphic Packaging Holdings Company,NYSE
GPN,Global Payments Inc.,NYSE
GRX,The Gabelli Healthcare & Wellness Trust,NYSE
GS,Goldman Sachs Group,NYSE
GSK,Glaxosmithkline Plc,NYSE
GSL,Global Ship Lease Inc,NYSE
GTI,Graftech International Ltd,NYSE
GTN,Gray Television,NYSE
GTY,Getty Realty Corp.,NYSE
GUT,Gabelli Utility Trust,NYSE
GVA,Granite Construction Inc.,NYSE
GWRE,Guidewire Software Inc. Common,NYSE
GWW,W.W. Grainger,NYSE
H,Hyatt Hotels Corp.,NYSE
HAE,Haemonetics Corp.,NYSE
HAL,Halliburton Company,NYSE
HASI,Hannon Armstrong Sustainable In,NYSE
HBI,Hanesbrands Inc.,NYSE
HBM,Hudbay Minerals Inc,NYSE
HCA,Hca Holdings Inc. Common Stock,NYSE
HCC,Hcc Insurance Holdings,NYSE
HCI,Homeowners Choice,NYSE
HD,Home Depot,NYSE
HDB,Hdfc Bank Limited,NYSE
HE,Hawaiian Electric Industries,NYSE
HEI,Heico Corp.,NYSE
HEQ,John Hancock Hedged Eqty & Inc,NYSE
HES,Hess Corp.,NYSE
HHS,Harte-Hanks,NYSE
HI,Hillenbrand Inc,NYSE
HIG,Hartford Financial Services Group,NYSE
HII,Huntington Ingalls Industries,NYSE
HIO,Western Asset High,NYSE
HIW,Highwoods Properties,NYSE
HIX,Western Asset High Income Fund II Inc.,NYSE
HL,Hecla Mining Company,NYSE
HLF,Herbalife Ltd,NYSE
HLX,Helix Energy Solutions Group,NYSE
HMC,Honda Motor Company,NYSE
HMN,Horace Mann Educators Corp.,NYSE
HMY,Harmony Gold Mining Co. Ltd,NYSE
HNI,Hon Industries Inc.,NYSE
HOG,Harley-Davidson,NYSE
HON,Honeywell International Inc.,NYSE
HOV,Hovnanian Enterprises Inc,NYSE
HP,Helmerich & Payne,NYSE
HPF,John Hancock Pfd II,NYSE
HPI,John Hancock Preferred,NYSE
HPP,Hudson Pacific Properties,NYSE
HPQ,Hewlett-Packard Company,NYSE
HPS,John Hancock Preferred Income Fund III,NYSE
HQH,H&Q Healthcare Investors,NYSE
HQL,H&Q Life Sciences Investors,NYSE
HR,Healthcare Realty Trust Inc.,NYSE
HRB,H&R Block,NYSE
HRL,Hormel Foods Corp.,NYSE
HST,Host Marriott Financial Trust,NYSE
HSY,Hershey Foods Corp.,NYSE
HTD,John Hancock Tax Advantaged Dividend,NYSE
HTGC,Hercules Technology Growth Capital,NYSE
HTH,Hilltop Holdings Inc.,NYSE
HTZ,Hertz Global Holdings Inc,NYSE
HUM,Humana Inc.,NYSE
HUN,Huntsman Corp.,NYSE
HVT,Haverty Furniture Companies,NYSE
HXL,Hexcel Corp.,NYSE
HY,Hyster-Yale Materials Handling,NYSE
HYI,Western Asset High Yield Defined,NYSE
HYT,Blackrock High Yield Fund Vi Inc,NYSE
HZO,Marinemax,NYSE
IAE,ING Asia Pacific High Dividend Equity,NYSE
IAG,Iamgold Corp.,NYSE
IBM,International Business Machines Corp.,NYSE
IBN,Icici Bank Limited,NYSE
ICE,Intercontinentalexchange,NYSE
IDA,Idacorp,NYSE
IDE,ING Infrastructure Industrial,NYSE
IDT,Idt Corp.,NYSE
IEX,Idex Corp.,NYSE
IFF,Internationa Flavors & Fragrances,NYSE
IFN,India Fund,NYSE
IGA,ING Global Advantage And Premium,NYSE
IGD,ING Global Equity Dividend And Premium,NYSE
IGI,Western Asset Investment Grade Defined,NYSE
IGR,ING Clarion Global Real Estate,NYSE
IGT,International Game Technology,NYSE
IHD,ING Emerging Markets High Dividend,NYSE
IHG,Intercontinental Hotels Group,NYSE
IHS,Ihs Inc.,NYSE
IIF,Morgan Stanley India Investment Fund Inc,NYSE
IIM,Invesco Insured Muni Income Trust,NYSE
IMAX,Imax Corp.,NYSE
INFY,Infosys Limited,NYSE
ING,ING Group N.V.,NYSE
INGR,Ingredion Inc,NYSE
INN,Summit Hotel Properties,NYSE
IP,International Paper Company,NYSE
IPG,Interpublic Group Of Companies,NYSE
IPI,Intrepid Potash Inc,NYSE
IQI,Invesco Quality Muni Income Trust,NYSE
IR,Ingersoll-Rand Plc [Ireland],NYSE
IRM,Iron Mountain Inc.,NYSE
IRS,Irsa Inversiones Y Representaciones S.A.,NYSE
ISD,Prudential Short Duration High,NYSE
IT,Gartner,NYSE
ITT,Itt Industries,NYSE
ITUB,Itau Unibanco Banco Holding Sa,NYSE
ITW,Illinois Tool Works Inc.,NYSE
IVR,Invesco Mortgage Capital Inc,NYSE
IVZ,Invesco Plc,NYSE
IX,Orix Corp Ads,NYSE
JBI,Lehman Abs Cp 7.857%,NYSE
JBK,Lehman Abs Corp.,NYSE
JBL,Jabil Circuit,NYSE
JCE,Nuveen Core Equity Alpha Fund,NYSE
JCI,Johnson Controls,NYSE
JEQ,Japan Equity Fund,NYSE
JFR,Nuveen Floating Rate,NYSE
JHI,John Hancock Investors Trust,NYSE
JHS,John Hancock Income Securities Trust,NYSE
JHX,James Hardie Industries Se,NYSE
JKS,Jinkosolar Holding Company Limited,NYSE
JLL,Jones Lang Lasalle Inc.,NYSE
JLS,Nuveen Mortgage Opportunity Term Fund,NYSE
JNJ,Johnson & Johnson,NYSE
JNPR,Juniper Networks,NYSE
JOE,St. Joe Company,NYSE
JOF,Japan Smaller Capitalization Fund Inc,NYSE
JPC,Nuveen Preferred And Convertible,NYSE
JPI,Nuveen Preferred And Income Term Fund,NYSE
JPM,J P Morgan Chase & Co,NYSE
JQC,Nuveen Preferred And Convertible 2,NYSE
JRI,Nuveen Real Asset Income And Gr,NYSE
JWN,Nordstrom,NYSE
K,Kellogg Company,NYSE
KAI,Kadant Inc,NYSE
KAR,Kar Auction Services Inc,NYSE
KB,Kb Financial Group Inc,NYSE
KBH,Kb Home,NYSE
KBR,Kbr,NYSE
KEP,Korea Electric Power Corp.,NYSE
KEX,Kirby Corp.,NYSE
KEY,Keycorp,NYSE
KF,Korea Fund,NYSE
KFS,Kingsway Financial Services,NYSE
KFY,Korn/Ferry International,NYSE
KGC,Kinross Gold Corp.,NYSE
KIM,Kimco Realty Corp.,NYSE
KIO,Kkr Income Opportunities Fund,NYSE
KKR,Kkr,NYSE
KMB,Kimberly-Clark Corp.,NYSE
KMI,Kinder Morgan,NYSE
KMPR,Unitrin,NYSE
KMT,Kennametal Inc.,NYSE
KMX,Carmax Inc,NYSE
KNOP,Knot Offshore Partners Lp Commo,NYSE
KNX,Knight Transportation,NYSE
KO,Coca-Cola Company,NYSE
KOF,Coca Cola Femsa S.A.B. De C.V.,NYSE
KOP,Koppers Holdings Inc.,NYSE
KOS,Kosmos Energy Ltd.,NYSE
KR,Kroger Company,NYSE
KRC,Kilroy Realty Corp.,NYSE
KRG,Kite Realty Group Trust,NYSE
KRO,Kronos Worldwide Inc,NYSE
KSS,Kohl's Corp.,NYSE
KT,Korea Telecom Corp.,NYSE
KTF,Scudder Municiple Income Trust,NYSE
KTH,Lehman Abs Corp.,NYSE
KTN,Lehman Abs Corp.,NYSE
KW,Kennedy-Wilson Holdings Inc.,NYSE
KWR,Quaker Chemical Corp.,NYSE
KYN,Kayne Anderson MLP Investment Company,NYSE
L,Loews Corp.,NYSE
LAD,Lithia Motors,NYSE
LAZ,Lazard Ltd,NYSE
LDP,Cohen & Steers Limited Duration,NYSE
LEA,Lear Corp.,NYSE
LEE,Lee Enterprises Inc.,NYSE
LEG,Leggett & Platt Inc.,NYSE
LEN,Lennar Corp.,NYSE
LEO,Dreyfus Strategic Municipals,NYSE
LGI,Lazard Global Total Return And,NYSE
LH,Laboratory Corporation Of America,NYSE
LII,Lennox International,NYSE
LIN,Lin Media Llc,NYSE
LITB,Lightinthebox Holding Co. Ltd,NYSE
LLY,Eli Lilly And Company,NYSE
LMT,Lockheed Martin Corp.,NYSE
LNC,Lincoln National Corp.,NYSE
LND,Brasilagro Brazi ADR,NYSE
LNN,Lindsay Corp.,NYSE
LNT,Alliant Energy Corp.,NYSE
LOW,Lowe's Companies,NYSE
LPL,Lg Display Co. Limited American,NYSE
LPX,Louisiana-Pacific Corp.,NYSE
LRE,Lrr Energy L.P.,NYSE
LRN,K12 Inc,NYSE
LSE,Caplease Funding Inc,NYSE
LTC,Ltc Properties,NYSE
LTM,Life Time Fitness,NYSE
LUV,Southwest Airlines Company,NYSE
LVS,Las Vegas Sands,NYSE
LXP,Lexington Realty Trust,NYSE
LXU,Lsb Industries Inc.,NYSE
LYB,Lyondellbasell Industries Nv,NYSE
LYG,Lloyds Banking Group Plc,NYSE
LYV,Live Nation Entertainment,NYSE
LZB,La-Z-Boy Inc.,NYSE
M,Macy's Inc,NYSE
MA,Mastercard Inc.,NYSE
MAA,Mid-America Apartment Communities,NYSE
MAC,Macerich Company,NYSE
MAIN,Main Street Capital Corp.,NYSE
MAN,Manpower Inc,NYSE
MANU,Manchester United Ltd.,NYSE
MAR,Marriot International,NYSE
MAS,Masco Corp.,NYSE
MATX,Matson Inc,NYSE
MAV,Pioneer Muni High Income Advantage Trust,NYSE
MBI,Mbia,NYSE
MCD,Mcdonald's Corp.,NYSE
MCI,Massmutual Corporate Investors,NYSE
MCK,Mckesson Corp.,NYSE
MCN,Madison/Claymore Covered Call & Equity,NYSE
MCO,Moody's Corp.,NYSE
MCR,Mfs Charter Income Trust,NYSE
MCS,Marcus Corp.,NYSE
MCY,Mercury General Corp.,NYSE
MD,Mednax Inc,NYSE
MDT,Medtronic,NYSE
MDU,Mdu Res Group Inc,NYSE
MED,Medifast Inc,NYSE
MEG,Media General,NYSE
MEI,Methode Electronics,NYSE
MET,Metlife,NYSE
MFA,Mfa Financial Inc,NYSE
MFC,Manulife Financial Corp,NYSE
MFG,Mizuho Financial Group,NYSE
MFM,Mfs Muni Income Trust,NYSE
MG,Mistras Group Inc,NYSE
MGA,Magna International,NYSE
MGF,Mfs Government Markets Income Trust,NYSE
MGM,Mgm Resorts International,NYSE
MGR,Affiliated Managers Group Inc,NYSE
MHD,Blackrock Muniholdings Fund,NYSE
MHF,Western Asset Muni High,NYSE
MHI,Pioneer Muni High Income Trust,NYSE
MHK,Mohawk Industries,NYSE
MHN,Blackrock Muniholdings New York Quality,NYSE
MHO,M/I Homes,NYSE
MIN,Mfs Intermediate Income Trust,NYSE
MITT,Ag Mortgage Investment Trust,NYSE
MIY,Blackrock Muniyield Michigan Quality,NYSE
MKC,Mccormick & Company Inc.,NYSE
MKL,Markel Corp.,NYSE
MLI,Mueller Industries,NYSE
MLM,Martin Marietta Materials,NYSE
MLP,Maui Land & Pineapple Company,NYSE
MLR,Miller Industries,NYSE
MMC,Marsh & Mclennan Companies,NYSE
MMD,Mainstay Defined Muni Opp Fund,NYSE
MMM,3M Company,NYSE
MMS,Maximus,NYSE
MMT,Mfs Multimarket Income Trust,NYSE
MMU,Western Asset Managed Municipals Fund,NYSE
MNR,Monmouth Real Estate Investment Corp.,NYSE
MO,Altria Group,NYSE
MOD,Modine Manufacturing Company,NYSE
MOH,Molina Healthcare Inc,NYSE
MOS,Mosaic Company,NYSE
MOV,Movado Group Inc.,NYSE
MPA,Blackrock Muniyield Pennsylvania Quality,NYSE
MPC,Marathon Petroleum Corporation,NYSE
MPLX,Mplx Lp,NYSE
MPV,Massmutual Participation Investors,NYSE
MPW,Medical Properties Trust,NYSE
MPX,Marine Products Corp.,NYSE
MQT,Blackrock Muniyield Quality Fund II,NYSE
MQY,Blackrock Muniyield Quality Fund,NYSE
MRC,Mrc Global Inc.,NYSE
MRIN,Marin Sotfware Incorporated,NYSE
MRK,Merck & Company,NYSE
MS,Morgan Stanley,NYSE
MSA,Mine Safety Appliances Company,NYSE
MSB,Mesabi Trust,NYSE
MSCI,MSCI Inc,NYSE
MSD,Morgan Stanley Emerging Markets Debt,NYSE
MSI,Motorola Solutions,NYSE
MSM,Msc Industrial Direct Company,NYSE
MT,Arcelormittal,NYSE
MTB,M&T Bank Corp.,NYSE
MTD,Mettler-Toledo International,NYSE
MTDR,Matador Resources Company,NYSE
MTG,Mgic Investment Corp.,NYSE
MTH,Meritage Corp.,NYSE
MTN,Vail Resorts,NYSE
MTR,Mesa Royalty Trust,NYSE
MTRN,Brush Wellman Inc,NYSE
MTW,Manitowoc Company,NYSE
MTX,Minerals Technologies Inc.,NYSE
MTZ,Mastec,NYSE
MUA,Blackrock Muniassets Fund,NYSE
MUC,Blackrock Muniholdings California,NYSE
MUE,Blackrock Muniholdings Quality Fund II,NYSE
MUJ,Blackrock Muniholdings New Jersey,NYSE
MUR,Murphy Oil Corp.,NYSE
MUX,Mcewen Mining Inc,NYSE
MVO,Mv Oil Trust,NYSE
MVT,Blackrock Munivest Fund II,NYSE
MWA,Mueller Water Products,NYSE
MX,Magnachip Semiconductor Corp.,NYSE
MXE,Mexico Equity And,NYSE
MXF,Mexico Fund,NYSE
MXL,Maxlinear Inc,NYSE
MYD,Blackrock Muniyield Fund,NYSE
MYE,Myers Industries,NYSE
MYI,Blackrock Muniyield Quality Fund III,NYSE
MYN,Blackrock Muniyield New York Quality,NYSE
NAC,Nuveen California Divadv Fund,NYSE
NAD,Nuveen Divadv Fund,NYSE
NAN,Nuveen New York Divadv Fund,NYSE
NAT,Nordic American Tanker Shipping Limited,NYSE
NAZ,Nuveen Arizona Premium Fund,NYSE
NBB,Nuveen Build America Bond Fund,NYSE
NBHC,National Bank Holdings Corp.,NYSE
NBR,Nabors Industries,NYSE
NC,Nacco Industries,NYSE
NCA,Nuveen California Muni Value Fund,NYSE
NCI,Navigant Consulting,NYSE
NCT,Newcastle Investment Corp.,NYSE
NCV,Agic Convertible &,NYSE
NCZ,Agic Convertible & II,NYSE
NE,Noble Corp.,NYSE
NEE,Nextera Energy,NYSE
NEM,Newmont Mining Corp.,NYSE
NEU,Newmarket Corp.,NYSE
NFG,National Fuel Gas Company,NYSE
NFJ,Nfj Dividend Interest & Premium Strategy,NYSE
NGG,National Grid Transco Plc,NYSE
NGL,Ngl Energy Partners Lp,NYSE
NGS,Natural Gas Services Group,NYSE
NGVC,Natural Grocers By Vitamin Cottage Inc,NYSE
NHI,National Health Investors,NYSE
NI,Nisource Inc,NYSE
NIE,Agic Equity & Convertible,NYSE
NIM,Nuveen Maturities Fund,NYSE
NIO,Nuveen Insured Muni Opportunity Fund,NYSE
NJR,Newjersey Resources Corp.,NYSE
NKE,Nike,NYSE
NL,Nl Industries,NYSE
NLY,Annaly Capital Management Inc,NYSE
NMFC,New Mountain Finance Corporati,NYSE
NMI,Nuveen Muni,NYSE
NMM,Navios Maritime Partners Lp,NYSE
NMR,Nomura Holdings Inc ADR,NYSE
NMT,Nuveen Massachusetts Premium Fund,NYSE
NNI,Nelnet,NYSE
NNN,National Retail Properties,NYSE
NNY,Nuveen New York Muni Value Fund,NYSE
NOA,North American Energy Partners,NYSE
NOAH,Noah Holdings Ltd,NYSE
NOC,Northrop Grumman Corp.,NYSE
NOK,Nokia Corp.,NYSE
NOV,National-Oilwell,NYSE
NOW,Servicenow Inc.,NYSE
NPK,National Presto Industries,NYSE
NPO,Enpro Industries,NYSE
NPV,Nuveen Virginia Premium Fund,NYSE
NQP,Nuveen Pennsylvania Investment,NYSE
NRG,Nrg Energy,NYSE
NRP,Natural Resource Partners Lp,NYSE
NRT,North European Oil Royality Trust,NYSE
NSC,Norfolk Souther Corp.,NYSE
NSP,Insperity Inc,NYSE
NTZ,Natuzzi S.P.A.,NYSE
NU,Northeast Utilities,NYSE
NUE,Nucor Corp.,NYSE
NUS,Nu Skin Enterprises,NYSE
NUV,Nuveen Muni Value Fund,NYSE
NUW,Nuveen Muni Value Fund,NYSE
NVO,Novo Nordisk A/S,NYSE
NVR,Nvr,NYSE
NVS,Novartis Ag,NYSE
NWE,Northwestern Corp.,NYSE
NWL,Newell Rubbermaid Inc.,NYSE
NWN,Northwest Natural Gas Company,NYSE
NX,Quanex Building Products Corp.,NYSE
NXC,Nuveen California Tax-Free Income,NYSE
NXN,Nuveen Insured New York Tax-Free,NYSE
NXP,Nuveen Tax Free Income Portfolio,NYSE
NYT,New York Times Company,NYSE
O,Realty Income Corp.,NYSE
OB,Onebeacon Insurance Group,NYSE
OC,Owens Corning Inc,NYSE
ODC,Oil-Dri Corporation Of America,NYSE
ODP,Office Depot,NYSE
OFG,Oriental Financial Group,NYSE
OGE,Oge Energy Corp.,NYSE
OHI,Omega Healthcare Investors,NYSE
OI,Owens-Illinois,NYSE
OIA,Invesco Muni Income Trust,NYSE
OII,Oceaneering International,NYSE
OIS,Oil States International,NYSE
OKE,Oneok,NYSE
OLN,Olin Corp.,NYSE
OLP,One Liberty Properties,NYSE
OMC,Omnicom Group Inc.,NYSE
OMI,Owens & Minor,NYSE
ONB,Old National Bancorp Capital,NYSE
OPK,Opko Health Inc,NYSE
OPY,Oppenheimer Holdings,NYSE
ORA,Ormat Technologies,NYSE
ORCL,Oracle Corp.,NYSE
ORI,Old Republic International Corp.,NYSE
ORN,Orion Marine Group Inc,NYSE
OSK,Oshkosh Truck Corp.,NYSE
OXM,Oxford Industries,NYSE
OXY,Occidental Petroleum Corp.,NYSE
PAA,Plains All American Pipeline L.P.,NYSE
PAC,Grupo Aeroportuario Del Pacifico,NYSE
PAG,Penske Automotive Group,NYSE
PAI,Pacific American Income Shares,NYSE
PAM,Pampa Energia S.A.,NYSE
PANW,Palo Alto Networks Inc.,NYSE
PAR,Par Technology Corp.,NYSE
PAY,Verifone Systems,NYSE
PB,Prosperity Bancshares,NYSE
PBA,Pembina Pipeline Cor,NYSE
PBF,Pbf Energy Inc.,NYSE
PBH,Prestige Brand Holdings,NYSE
PBI,Pitney Bowes Inc,NYSE
PBR,Petroleo Brasileiro S.A.- Petrobras,NYSE
PBT,Permian Basin Royalty Trust,NYSE
PBYI,Puma Biotechnology,NYSE
PCF,Putnam High Income Bond Fund,NYSE
PCG,Pacific Gas & Electric Co.,NYSE
PCK,Pimco California Muni II,NYSE
PCM,Pimco Commercial Mortgage Securities,NYSE
PCN,Pimco Corporate,NYSE
PCQ,Pimco California Muni,NYSE
PDI,Pimco Dynamic Income Fund,NYSE
PDM,Piedmont Office Realty Trust,NYSE
PDS,Precision Drilling Corp.,NYSE
PDT,John Hancock Premium Dividend Fund,NYSE
PEB,Pebblebrook Hotel Trust,NYSE
PEG,Public Service Enterprise Group Inc.,NYSE
PEO,Petroleum Resources Corp.,NYSE
PEP,Pepsico,NYSE
PFD,Flaherty & Crumrine Preferred Inc.,NYSE
PFE,Pfizer,NYSE
PFG,Principal Financial Group Inc,NYSE
PFH,Cabco TR Jcp 7.625,NYSE
PFL,Pimco Income Strategy Fund,NYSE
PFN,Pimco Income Strategy Fund II,NYSE
PFO,Flaherty & Crumrine Preferred Fund,NYSE
PFS,Provident Financial Services,NYSE
PFSI,Pennymac Financial Services In,NYSE
PFX,Phoenix Companies,NYSE
PG,Procter & Gamble Company,NYSE
PGP,Pimco Global Stocksplus & Income,NYSE
PGR,Progressive Corp.,NYSE
PGZ,Principal Real Estate Income F,NYSE
PH,Parker-Hannifin Corp.,NYSE
PHD,Pioneer Floating Rate Trust,NYSE
PHG,Koninklijke Philips Electronics,NYSE
PHH,Phh Corp,NYSE
PHI,Philippine Long Distance Telephone,NYSE
PHK,Pimco High,NYSE
PHM,Pultegroup,NYSE
PHT,Pioneer High Income Trust,NYSE
PHX,Panhandle Royalty Company,NYSE
PII,Polaris Industries Inc.,NYSE
PIM,Putnam Master Intermediate Income,NYSE
PKE,Park Electrochemical Corp.,NYSE
PKG,Packaging Corporation Of America,NYSE
PKX,Pohang Iron & Steel Co.,NYSE
PL,Protective Life Corp.,NYSE
PLD,Prologis Inc,NYSE
PLL,Pall Corp.,NYSE
PLOW,Douglas Dynamics,NYSE
PM,Philip Morris International Inc,NYSE
PMF,Pimco Muni,NYSE
PML,Pimco Muni II,NYSE
PMM,Putnam Managed Muni Income Trust,NYSE
PMO,Putnam Muni Opportunities Trust,NYSE
PMT,Pennymac Mortgage Investment Trust,NYSE
PMX,Pimco Muni Income Fund III,NYSE
PNC,Pnc Bank,NYSE
PNF,Pimco New York Muni,NYSE
PNI,Pimco New York Muni II,NYSE
PNR,Pentair,NYSE
PNW,Pinnacle West Capital Corp.,NYSE
POR,Portland General Electric Company,NYSE
POST,Post Holdings Inc. Common Stoc,NYSE
PPG,Ppg Industries,NYSE
PPL,Ppl Corp.,NYSE
PPT,Putnam Premier Income Trust,NYSE
PRA,Pro-Assurance Corp.,NYSE
PRE,Partnerre Ltd,NYSE
PRGO,Perrigo Company,NYSE
PRH,Prudential Financial Inc.,NYSE
PRI,Primerica,NYSE
PRLB,Proto Labs Inc.,NYSE
PRO,Pros Holdings,NYSE
PRU,Prudential Financial Inflation Retail,NYSE
PSA,Public Storage,NYSE
PSF,Cohen & Steers Preferred Fund,NYSE
PSO,Pearson Plc,NYSE
PSX,Phillips 66 Common Stock,NYSE
PT,Portugal Telecom Sgps S.A .,NYSE
PTY,Pimco Corporate Opportunity Fund,NYSE
PUK,Prudential Public Limited Company,NYSE
PVH,Phillips-Van Heusen Corp.,NYSE
PWR,Quanta Services,NYSE
PX,Praxair,NYSE
PYN,Pimco New York Muni Income Fund III,NYSE
PYT,Pplus Trust,NYSE
PZC,Pimco California Muni Income Fund III,NYSE
QUAD,Quad Graphics Inc,NYSE
R,Ryder System,NYSE
RBA,Ritchie Bros. Auctioneers Inc.,NYSE
RBC,Regal-Beloit Corp.,NYSE
RCI,Rogers Communication,NYSE
RCL,Royal Caribbean Cruises Ltd,NYSE
RCS,Rcm Strategic Global Government Fund,NYSE
RDN,Radian Group Inc.,NYSE
RDY,Dr. Reddy's Laboratories Ltd,NYSE
REG,Regency Centers Corp.,NYSE
RES,Rpc,NYSE
REX,Rex Stores Corp.,NYSE
REXR,Rexford Industrial Realty Inc,NYSE
RF,Regions Financing TR I,NYSE
RFI,Cohen & Steers Total Return Realty Fund,NYSE
RGA,Reinsurance Group Of America Inc.,NYSE
RGC,Regal Entertainment Group,NYSE
RGP,Ross Group Plc,NYSE
RGR,Sturm Ruger & Company,NYSE
RGS,Regis Corp.,NYSE
RH,Restoration Hardware Holdings,NYSE
RHI,Robert Half International Inc.,NYSE
RHP,Gaylord Entertainment Company,NYSE
RIG,Transocean Inc.,NYSE
RIO,Rio Tinto Plc,NYSE
RJF,Raymond James Financial,NYSE
RKT,Rock-Tenn Company,NYSE
RL,Ralph Lauren Corp.,NYSE
RLI,Rli Corp.,NYSE
RLJ,Rlj Lodging Trust,NYSE
RM,Regional Managment Corp,NYSE
RMD,Resmed Inc.,NYSE
RMT,Royce Micro-Cap Trust,NYSE
RNP,Cohen & Steers REIT And Preferred,NYSE
RNR,Renaissancere Holdings Ltd,NYSE
ROG,Rogers Corp.,NYSE
ROK,Rockwell Automation Inc,NYSE
ROL,Rollins,NYSE
ROP,Roper Industries,NYSE
RPM,Rpm,NYSE
RPT,Ramco-Gershenson Properties Trust,NYSE
RQI,Cohen & Steers Quality Income Realty,NYSE
RRC,Range Resources Corp.,NYSE
RS,Reliance Steel & Aluminum Company,NYSE
RSG,Republic Services,NYSE
RVT,Royce Value Trust,NYSE
RWT,Redwood Trust,NYSE
RY,Royal Bank Of Canada,NYSE
RYN,Rayonier Inc. REIT,NYSE
S,Sprint Corporation Series 1,NYSE
SA,Seabridge Gold,NYSE
SAH,Sonic Automotive,NYSE
SAM,Boston Beer Company,NYSE
SAN,Banco Santander,NYSE
SAP,Sap Ag,NYSE
SAR,Saratoga Investment Corp,NYSE
SB,Safe Bulkers Inc,NYSE
SBH,Sally Beauty Holdings,NYSE
SBR,Sabine Royalty Trust,NYSE
SBS,Cia De Saneamento Basico Do Estado,NYSE
SCCO,Southern Peru Copper Corp.,NYSE
SCD,Lmp Capital And Income Fund Inc.,NYSE
SCHW,The Charles Schwab Corp.,NYSE
SCI,Service Corporation International,NYSE
SCL,Stepan Company,NYSE
SCM,Stellus Capital Investment Cor,NYSE
SCS,Steelcase Inc.,NYSE
SD,Sandridge Energy Inc.,NYSE
SDRL,Seadrill Limited,NYSE
SE,Spectra Energy Corp,NYSE
SEE,Sealed Air Corp.,NYSE
SEM,Select Medical Holdings Corp.,NYSE
SF,Stifel Financial Corp.,NYSE
SFB,Stifel Financial Corp.6.70% Se,NYSE
SFD,Smithfield Foods,NYSE
SFL,Ship Finance International,NYSE
SGU,Star Gas Partners L.P.,NYSE
SHG,Shinhan Financial Group Co Ltd,NYSE
SHO,Sunstone Hotel Investors,NYSE
SHW,Sherwin-Williams Company,NYSE
SID,National Steel Corp.,NYSE
SIG,Signet Jewelers Limited,NYSE
SJM,J.M. Smucker Company,NYSE
SJT,San Juan Basin Royalty Trust,NYSE
SKM,Sk Telecom Corporation,NYSE
SKT,Tanger Factory Outlet Centers,NYSE
SKX,Skechers U.S.A.,NYSE
SKY,Skyline Corp.,NYSE
SLB,Schlumberger N.V.,NYSE
SLF,Sun Life Financial Inc.,NYSE
SLG,Sl Green Realty Corp.,NYSE
SM,Sm Energy Company,NYSE
SMA,Symmetry Medical Inc,NYSE
SMFG,Sumitomo Mitsui Financial Group Inc,NYSE
SMG,Scotts Miracle-Gro Company,NYSE
SMP,Standard Motor Products,NYSE
SN,Sanchez Energy Corporation,NYSE
SNA,Snap-On Inc.,NYSE
SNN,Smith & Nephew Snats,NYSE
SNV,Synovus Financial Corp.,NYSE
SNX,Synnex Corp.,NYSE
SNY,Sanofi-Aventis Sa,NYSE
SO,Southern Company,NYSE
SOL,Renesola Ltd,NYSE
SON,Sonoco Products Company,NYSE
SOR,Source Capital,NYSE
SPB,Spectrum Brands Holdings,NYSE
SPE,Special Opportunities Fund Inc.,NYSE
SPG,Simon Property Group,NYSE
SPH,Suburban Propane Partners L.P.,NYSE
SPR,Spirit Aerosystems Holdings,NYSE
SQM,Sociedad Quimica Y Minera S.A.,NYSE
SQNS,Sequans Communications S A,NYSE
SR,Standard Register Company,NYSE
SRE,Sempra Energy,NYSE
SRI,Stoneridge,NYSE
SRV,The Cushing MLP Total Return Fund,NYSE
SSD,Simpson Manufacturing Company,NYSE
SSL,Sasol Ltd,NYSE
SSP,E.W. Scripps Company,NYSE
SSTK,Shutterstock Inc.,NYSE
ST,Sensata Technologies Holding N.V.,NYSE
STAG,STI Inc,NYSE
STC,Stewart Information Services Corp.,NYSE
STE,Steris Corp.,NYSE
STI,Suntrust Banks,NYSE
STK,Columbia Seligman Premium Technology,NYSE
STM,Stmicroelectronics N.V.,NYSE
STN,Stantec Inc,NYSE
STNG,Scorpio Tankers Inc.,NYSE
STR,Questar Corp.,NYSE
STT,State Street Corp,NYSE
STWD,Starwood Property Trust,NYSE
STZ,Constellation Brands Inc,NYSE
SU,Suncor Energy Inc.,NYSE
SUI,Sun Communities,NYSE
SUNE,Sunedison Inc.,NYSE
SUP,Superior Industries International,NYSE
SWK,Stanley Black & Decker Inc,NYSE
SWX,Southwest Gas Corp.,NYSE
SWZ,Swiss Helvetia Fund,NYSE
SXC,Suncoke Energy Inc,NYSE
SXI,Standex International Corp.,NYSE
SXT,Sensient Technologies Corp.,NYSE
SYK,Stryker Corp.,NYSE
SYT,Syngenta Ag,NYSE
SYY,Sysco Corp.,NYSE
T,AT&T Inc.,NYSE
TAC,Transalta Corp.,NYSE
TAL,Tal International Group,NYSE
TAP,Molson Coors Brewing Company,NYSE
TBI,Trueblue Inc,NYSE
TC,Thompson Creek Metals Company Inc.,NYSE
TCI,Transcontinental Realty Investors,NYSE
TD,Toronto Dominion Bank,NYSE
TDC,Teradata Corp.,NYSE
TDF,Templeton Dragon Fund,NYSE
TDG,Transdigm Group Inc.,NYSE
TDS,Telephone And Data Systems,NYSE
TDW,Tidewater Inc.,NYSE
TDY,Teledyne Technologies Inc.,NYSE
TE,Teco Energy,NYSE
TEF,Telefonica Sa,NYSE
TEI,Templeton Emerging Markets,NYSE
TEL,Te Connectivity Ltd,NYSE
TEN,Tenneco Automotive,NYSE
TEO,Telecom Argentina Stet - France Telecom,NYSE
TER,Teradyne,NYSE
TEVA,Teva Pharmaceutical Industries Limited,NYSE
TEX,Terex Corp.,NYSE
TFX,Teleflex Inc.,NYSE
TG,Tredegar Corp.,NYSE
TGI,Triumph Group,NYSE
TGS,Transportadora De Gas Sa Ord B,NYSE
TGT,Target Corp.,NYSE
THC,Tenet Healthcare Corp.,NYSE
THG,The Hanover Insurance Group,NYSE
THO,Thor Industries,NYSE
THR,Thermon Group Holdings Inc.,NYSE
THS,Treehouse Foods,NYSE
TISI,Team,NYSE
TJX,Tjx Companies,NYSE
TK,Teekay Shipping Corp.,NYSE
TKC,Turkcell Iletisim Hizmetleri As,NYSE
TKR,Timken Company,NYSE
TLK,P.T. Telekomunikasi Indonesia Tbk.,NYSE
TLYS,Tilly's Inc.,NYSE
TM,Toyota Motor Corp Ltd Ord,NYSE
TMHC,Taylor Morrison Home Corporatio,NYSE
TMO,Thermo Fisher Scientific Inc,NYSE
TMUS,T-Mobile US Inc.,NYSE
TNC,Tennant Company,NYSE
TNK,Teekay Tankers Ltd,NYSE
TOL,Toll Brothers Inc.,NYSE
TPC,Tutor Perini Corp.,NYSE
TPH,Tri Pointe Homes Inc. Common S,NYSE
TPL,Texas Pacific Land Trust,NYSE
TR,Tootsie Roll Industries,NYSE
TRC,Tejon Ranch Company,NYSE
TREX,Trex Company,NYSE
TRGP,Targa Resources,NYSE
TRI,Thomson Reuters Corp,NYSE
TRN,Trinity Industries,NYSE
TRNO,Terreno Realty Corp.,NYSE
TROX,Tronox Inc,NYSE
TRP,Transcananda Pipelines,NYSE
TRV,The Travelers Companies Inc,NYSE
TS,Tenaris S.A.,NYSE
TSI,Tcw Strategic,NYSE
TSM,Taiwan Semiconductor Manufacturing,NYSE
TSN,Tyson Foods,NYSE
TTC,Toro Company,NYSE
TTI,Tetra Technologies,NYSE
TU,Telus Corp. Non Voting Shares,NYSE
TV,Grupo Televisa S.A.,NYSE
TVC,Tennessee Valley Authority,NYSE
TVE,Tennessee Valley Authority,NYSE
TW,Towers Watson & Co,NYSE
TWI,Titan International,NYSE
TWN,Taiwan Fund,NYSE
TWO,Two Harbors Investments Corp,NYSE
TX,Ternium S.A.,NYSE
TXT,Textron Inc.,NYSE
TY,Tri Continental Corp.,NYSE
TYG,Tortoise Energy Infrastructure Corp.,NYSE
TYL,Tyler Technologies,NYSE
UA,Under Armour,NYSE
UAL,United Continental Holdings,NYSE
UAN,Cvr Partners Lp Common Units R,NYSE
UBS,UBS Ag,NYSE
UDR,United Dominion Realty Trust,NYSE
UFI,Unifi,NYSE
UGI,Ugi Corp.,NYSE
UGP,Ultrapar Participacoes S.A.,NYSE
UHS,Universal Health Services,NYSE
UHT,Universal Health Realty Income Trust,NYSE
UIS,Unisys Corp.,NYSE
UL,Unilever Plc,NYSE
UMC,United Microelectronics Corp.,NYSE
UMH,Umh Properties,NYSE
UNF,Unifirst Corp.,NYSE
UNH,Unitedhealth Group Inc.,NYSE
UNM,Unumprovident Corp.,NYSE
UNP,Union Pacific Corp.,NYSE
UPS,United Parcel Service,NYSE
URI,United Rentals,NYSE
USA,Liberty All-Star Equity Fund,NYSE
USAC,USA Compression Partners Lp,NYSE
USB,U.S. Bancorp,NYSE
USM,United States Cellular Corp.,NYSE
USNA,Usana Health Sciences Inc.,NYSE
USPH,U.S. Physical Therapy,NYSE
UTF,Cohen & Steers Infrastructure Fund,NYSE
UTI,Universal Technical Institute Inc,NYSE
UTL,Unitil Corp.,NYSE
UVV,Universal Corp.,NYSE
V,Visa Inc.,NYSE
VAC,Marriot Vacations Worldwide Cor,NYSE
VAL,Valspar Corp.,NYSE
VALE,Vale S.A.,NYSE
VBF,Invesco Van Kampen Bond Fund,NYSE
VC,Visteon Corp.,NYSE
WAB,Wabtec Corp.,NYSE
WAL,Western Alliance Bancorporation,NYSE
WAT,Waters Corp.,NYSE
WBS,Webster Financial Corp.,NYSE
X,United States Steel Corp.,NYSE
XEL,Xcel Energy Inc.,NYSE
XIN,Xinyuan Real Estate Co Ltd,NYSE
XOM,Exxon Mobil Corp.,NYSE
XPO,Express-1 Expedited Solutions,NYSE
XRX,Xerox Corp.,NYSE
XYL,Xylem Inc. Common Stock New Whe,NYSE
YELP,Yelp Inc.,NYSE
YPF,Ypf Sociedad Anonima,NYSE
YUM,Yum! Brands,NYSE
ZTR,Zweig Total Return Fund,NYSE
ZTS,Zoetis Inc. Class A Common Stoc,NYSE
AAME,Atlantic American Corp.,NASDAQ
AAON,Aaon,NASDAQ
AAPL,Apple Inc.,NASDAQ
ABCB,Ameris Bancorp,NASDAQ
ACAD,Acadia Pharmaceuticals Inc.,NASDAQ
ACET,Aceto Corp.,NASDAQ
ACGL,Arch Capital Group Ltd,NASDAQ
ACHC,Acadia Healthcare Company Inc.,NASDAQ
ACIW,Aci Worldwide,NASDAQ
ACLS,Axcelis Technologies,NASDAQ
ACNB,Acnb Corp.,NASDAQ
ACTG,Acacia Research Corp.,NASDAQ
ADBE,Adobe Systems Incorporated,NASDAQ
ADI,Analog Devices,NASDAQ
ADP,Automatic Data Processing,NASDAQ
ADSK,Autodesk,NASDAQ
ADTN,Adtran,NASDAQ
ADUS,Addus Homecare Corp.,NASDAQ
AEHR,Aehr Test Systems,NASDAQ
AEIS,Advanced Energy Industries,NASDAQ
AGEN,Agenus Inc.,NASDAQ
AGIO,Agios Pharmaceuticals Inc.,NASDAQ
AGNC,American Capital Agency,NASDAQ
AGNCP,American Capital,NASDAQ
AGYS,Agilysys,NASDAQ
AIRT,Air T,NASDAQ
AKAM,Akamai Technologies,NASDAQ
ALCO,Alico,NASDAQ
ALGN,Align Technology,NASDAQ
ALGT,Allegiant Travel Company,NASDAQ
ALKS,Alkermes,NASDAQ
ALLT,Allot Communications Ltd,NASDAQ
ALNY,Alnylam Pharmaceuticals,NASDAQ
ALOT,Astro-Med,NASDAQ
ALTI,Altair Nanotechnologies Inc.,NASDAQ
AMAT,Applied Materials,NASDAQ
AMBA,Ambarella Inc.,NASDAQ
AMBC,Ambac Financial Group Inc.,NASDAQ
AMCX,Amc Networks Inc.,NASDAQ
AMED,Amedisys Inc,NASDAQ
AMGN,Amgen Inc.,NASDAQ
AMKR,Amkor Technology,NASDAQ
AMRN,Amarin Corporation Plc,NASDAQ
AMSC,American Superconductor Corp.,NASDAQ
AMSF,Amerisafe,NASDAQ
AMWD,American Woodmark Corp.,NASDAQ
AMZN,Amazon.Com,NASDAQ
ANDE,The Andersons,NASDAQ
ANGI,Angie's List Inc.,NASDAQ
ANGO,Angiodynamics,NASDAQ
ANIK,Anika Therapeutics Inc.,NASDAQ
ANIP,Ani Pharmaceuticals Inc.,NASDAQ
ANSS,Ansys,NASDAQ
AOSL,Alpha And Omega Semiconductor,NASDAQ
APEI,American Public Education,NASDAQ
APOG,Apogee Enterprises,NASDAQ
APWC,Asia Pac Wire &Cable,NASDAQ
ARAY,Accuray Incorporated,NASDAQ
ARCC,Ares Capital Corp.,NASDAQ
ARKR,Ark Restaurants,NASDAQ
ARLP,Alliance Resource Partners L.P.,NASDAQ
AROW,Arrow Financial Corp.,NASDAQ
ARRY,Array Biopharma Inc.,NASDAQ
ARTNA,Artesian Resources Corp.,NASDAQ
ARTW,Art'S-Way Manufacturing Co.,NASDAQ
ARWR,Arrowhead Research Corp.,NASDAQ
ASML,Asml Holding N.V.,NASDAQ
ASPS,Altisource Portfolio Solutions S.A.,NASDAQ
ASRV,Ameriserv Financial Inc.,NASDAQ
ASTC,Astrotech Corp.,NASDAQ
ASTE,Astec Industries,NASDAQ
ASTI,Ascent Solar Technologies,NASDAQ
ASUR,Asure Software Inc,NASDAQ
ASYS,Amtech Systems,NASDAQ
ATAI,Ata Inc.,NASDAQ
ATEC,Alphatec Holdings,NASDAQ
ATLC,Atlanticus Holdings Corp.,NASDAQ
ATLO,Ames National Corp.,NASDAQ
ATNI,Atlantic Tele-Network,NASDAQ
ATOS,Atossa Genetics Inc.,NASDAQ
ATRC,Atricure,NASDAQ
ATRO,Astronics Corp.,NASDAQ
AUBN,Auburn National Bancorporation,NASDAQ
AUDC,Audiocodes Ltd,NASDAQ
AVAV,Aerovironment,NASDAQ
AVGO,Avago Technologies,NASDAQ
AVNW,Aviat Networks,NASDAQ
AWRE,Aware,NASDAQ
AXGN,Lectec Corp,NASDAQ
AXTI,Axt Inc,NASDAQ
BANC,First Pactrust Bancorp,NASDAQ
BANF,Bancfirst Corp.,NASDAQ
BANFP,Bancfirst Corp.,NASDAQ
BANR,Banner Corp.,NASDAQ
BBGI,Beasley Broadcast Group,NASDAQ
BBSI,Barrett Business Services,NASDAQ
BCBP,Bcb Bancorp Inc. [Nj],NASDAQ
BCPC,Balchem Corp.,NASDAQ
BCRX,Biocryst Pharmaceuticals,NASDAQ
BEAT,Cardionet,NASDAQ
BELFA,Bel Fuse Inc.,NASDAQ
BELFB,Bel Fuse Inc.,NASDAQ
BFIN,Bankfinancial Corp.,NASDAQ
BGFV,Big 5 Sporting Goods Corp.,NASDAQ
BIDU,Baidu,NASDAQ
BIIB,Biogen Idec Inc,NASDAQ
BJRI,Bj's Restaurants,NASDAQ
BLDP,Ballard Power Systems,NASDAQ
BLDR,Builders Firstsource,NASDAQ
BLIN,Bridgeline Digital,NASDAQ
BLKB,Blackbaud,NASDAQ
BLMN,Bloomin' Brands Inc.,NASDAQ
BLRX,Biolinerx Ltd.,NASDAQ
BLUE,Bluebird Bio Inc.,NASDAQ
BMRC,Bank Of Marin Bancorp,NASDAQ
BMRN,Biomarin Pharmaceutical Inc.,NASDAQ
BOKF,Bok Financial Corp.,NASDAQ
BOLT,Bolt Technology Corp.,NASDAQ
BOOM,Dynamic Materials Corp.,NASDAQ
BOSC,B.O.S. Better Online Solutions,NASDAQ
BOTJ,Bank Of The Jame Fnl,NASDAQ
BPOP,Popular,NASDAQ
BPOPM,Popular,NASDAQ
BRID,Bridgford Foods Corp.,NASDAQ
BRKL,Brookline Bancorp,NASDAQ
BRKR,Bruker Corp.,NASDAQ
BSET,Bassett Furniture Industries Inc.,NASDAQ
BSRR,Sierra Bancorp,NASDAQ
BUR,Burcon Nutrascience,NASDAQ
BUSE,First Busey Corp.,NASDAQ
BV,Bazaarvoice Inc.,NASDAQ
BWEN,Broadwind Energy,NASDAQ
BYFC,Broadway Financial Corp.,NASDAQ
CAAS,China Automotive Systems,NASDAQ
CAC,Camden National Corp.,NASDAQ
CACC,Credit Acceptance Corp.,NASDAQ
CAKE,The Cheesecake Factory Inc.,NASDAQ
CALM,Cal-Maine Foods,NASDAQ
CAMP,Calamp,NASDAQ
CAMT,Camtek Ltd,NASDAQ
CAR,Avis Budget Group,NASDAQ
CART,Carolina Trust Bank,NASDAQ
CARV,Carver Bancorp,NASDAQ
CASH,Meta Financial Group,NASDAQ
CASS,Cass Information Systems Inc,NASDAQ
CASY,Caseys General Stores,NASDAQ
CATY,Cathay General Bancorp,NASDAQ
CBAN,Colony Bankcorp,NASDAQ
CBNK,Chicopee Bancorp,NASDAQ
CBRL,Cracker Barrel Old Country Store,NASDAQ
CBSH,Commerce Bancshares,NASDAQ
CCBG,Capital City Bank Group,NASDAQ
CCIX,Coleman Cable,NASDAQ
CCNE,Cnb Financial Corp.,NASDAQ
CCOI,Cogent Communications Group,NASDAQ
CCRN,Cross Country Healthcare,NASDAQ
CDNS,Cadence Design Systems,NASDAQ
CDW,Cdw Corporation,NASDAQ
CDXS,Codexis,NASDAQ
CDZI,Cadiz,NASDAQ
CECO,Career Education Corp.,NASDAQ
CENT,Central Garden & Pet Company,NASDAQ
CENTA,Central Garden & Pet Company,NASDAQ
CENX,Century Aluminum Company,NASDAQ
CERS,Cerus Corp.,NASDAQ
CEVA,Ceva,NASDAQ
CFBK,Central Federal Corp.,NASDAQ
CFFI,C&F Financial Corp.,NASDAQ
CFFN,Capitol Federal Financial,NASDAQ
CG,The Carlyle Group L.P.,NASDAQ
CGEN,Compugen Ltd,NASDAQ
CGNX,Cognex Corp.,NASDAQ
CGO,Calamos Global Total Return Fund,NASDAQ
CHCI,Comstock Homebuilding Companies,NASDAQ
CHCO,City Holding Company,NASDAQ
CHDN,Churchill Downs Inc.,NASDAQ
CHEF,The Chefs' Warehouse Inc.,NASDAQ
CHI,Calamos Convertible Opportunities,NASDAQ
CHKP,Check Point Software Technologies Ltd,NASDAQ
CHMG,Chemung Financial Corp,NASDAQ
CHNR,China Natural Resources,NASDAQ
CHRW,C.H. Robinson Worldwide,NASDAQ
CHSCP,Chs Inc,NASDAQ
CHTR,Charter Communications,NASDAQ
CHW,Calamos Global Dynamic,NASDAQ
CHY,Calamos Convertible And High,NASDAQ
CIEN,Ciena Corp.,NASDAQ
CINF,Cincinnati Financial Corp.,NASDAQ
CLDX,Celldex Therapeutics Inc,NASDAQ
CLFD,Clearfield,NASDAQ
CLIR,Clearsign Combustion Corporatio,NASDAQ
CLMT,Calumet Specialty Products,NASDAQ
CLNE,Clean Energy Fuels,NASDAQ
CLRO,Clearone Communications Inc.,NASDAQ
CLWT,Euro Tech Holdings Company,NASDAQ
CMCO,Columbus Mckinnon Corp.,NASDAQ
CMCSA,Comcast Corp.,NASDAQ
CME,Cme Group Inc.,NASDAQ
CMTL,Comtech Telecommunications,NASDAQ
CNET,Chinanet Online Holdings,NASDAQ
CNMD,Conmed Corp.,NASDAQ
CNOB,Connectone Bancorp Inc.,NASDAQ
CNTY,Century Casinos,NASDAQ
COCO,Corinthian Colleges,NASDAQ
COHR,Coherent,NASDAQ
COHU,Cohu,NASDAQ
COKE,Coca-Cola Bottling Co. Consolidated,NASDAQ
COLB,Columbia Banking System,NASDAQ
COLM,Columbia Sportswear Company,NASDAQ
CORT,Corcept Therapeutics Inc.,NASDAQ
COST,Costco Wholesale Corp.,NASDAQ
CPHC,Canterbury Park Holding Corp.,NASDAQ
CPIX,Cumberland Pharmaceuticals Inc.,NASDAQ
CPRT,Copart,NASDAQ
CPRX,Catalyst Pharmaceutical Partners,NASDAQ
CPSS,Consumer Portfolio Services,NASDAQ
CRAI,Cra Internationalinc.,NASDAQ
CREG,China Recycling Energy Corp.,NASDAQ
CRESW,Cresud S.A.C.I.F. Y A.,NASDAQ
CRESY,Cresud S.A.C.I.F. Y A.,NASDAQ
CRIS,Curis,NASDAQ
CRMT,America's Car-Mart,NASDAQ
CRNT,Ceragon Networks Ltd,NASDAQ
CROX,Crocs,NASDAQ
CRUS,Cirrus Logic,NASDAQ
CRVL,Corvel,NASDAQ
CRWS,Crown Crafts,NASDAQ
CSCO,Cisco Systems,NASDAQ
CSGP,Costar Group,NASDAQ
CSGS,Csg Systems International,NASDAQ
CSIQ,Canadian Solar Inc.,NASDAQ
CSPI,Csp Inc.,NASDAQ
CSQ,Calamos Strategic Total Return Fund,NASDAQ
CSTE,Caesarstone Sdot-Yam Ltd.,NASDAQ
CSWC,Capital Southwest Corp.,NASDAQ
CTAS,Cintas Corp.,NASDAQ
CTBI,Community Trust Bancorp,NASDAQ
CTRN,Citi Trends,NASDAQ
CTSH,Cognizant Technology Solutions,NASDAQ
CUBA,The Herzfeld Caribbean Basin Fund,NASDAQ
CUBI,Customers Bancorp,NASDAQ
CVBF,Cvb Financial Corp.,NASDAQ
CVCO,Cavco Industries,NASDAQ
CVGI,Commercial Vehicle Group,NASDAQ
CVGW,Calavo Growers,NASDAQ
CVLT,Commvault Systems,NASDAQ
CVV,Cvd Equipment Corp.,NASDAQ
CWBC,Community West Bancshares,NASDAQ
CWCO,Consolidated Water Co. Ltd,NASDAQ
CWST,Casella Waste Systems,NASDAQ
CYCC,Cyclacel Pharmaceuticals,NASDAQ
CYCCP,Cyclacel Pharmaceuticals,NASDAQ
CYTK,Cytokinetics Inc.,NASDAQ
CZNC,Citizens & Northern Corp,NASDAQ
CZR,Caesars Entertainment Corporati,NASDAQ
CZWI,Citizens Community Bancorp,NASDAQ
DAIO,Data I/O Corp.,NASDAQ
DAKT,Daktronics,NASDAQ
DAVE,Famous Dave's Of America,NASDAQ
DCOM,Dime Community Bancshares,NASDAQ
DCTH,Delcath Systems,NASDAQ
DECK,Deckers Outdoor Corp.,NASDAQ
DELL,Dell Inc.,NASDAQ
DENN,Denny's Corp.,NASDAQ
DGICA,Donegal Group,NASDAQ
DGICB,Donegal Group,NASDAQ
DGII,Digi International Inc.,NASDAQ
DGLY,Digital Ally,NASDAQ
DHIL,Diamond Hill Investment Group,NASDAQ
DIOD,Diodes Inc.,NASDAQ
DJCO,Daily Journal Corp. [S.C.],NASDAQ
DLHC,Dlh Holdings Corp,NASDAQ
DLTR,Dollar Tree,NASDAQ
DMLP,Dorchester Minerals L.P.,NASDAQ
DMRC,Digimarc Corp.,NASDAQ
DORM,Dorman Products,NASDAQ
DRRX,Durect Corp.,NASDAQ
DSGX,The Descartes Systems Group Inc.,NASDAQ
DSWL,Deswell Industries,NASDAQ
DVAX,Dynavax Technologies Corp.,NASDAQ
DWSN,Dawson Geophysical Company,NASDAQ
DXCM,Dexcom,NASDAQ
DXLG,Casual Male Retail Group,NASDAQ
DXPE,Dxp Enterprises,NASDAQ
EA,Electronic Arts Inc.,NASDAQ
EBAY,Ebay Inc.,NASDAQ
EBMT,Eagle Bancorp Montana,NASDAQ
EBTC,Enterprise Bancorp Inc,NASDAQ
ECPG,Encore Capital Group Inc,NASDAQ
EDAP,Edap Tms S.A.,NASDAQ
EDUC,Educational Development Corp.,NASDAQ
EEFT,Euronet Worldwide,NASDAQ
EFSC,Enterprise Financial Services Corp.,NASDAQ
EGAN,Egain Comm Cp,NASDAQ
EHTH,Ehealth,NASDAQ
ELSE,Electro-Sensors,NASDAQ
ELTK,Eltek Ltd,NASDAQ
EML,Eastern Company,NASDAQ
ENPH,Enphase Energy Inc.,NASDAQ
ENSG,The Ensign Group,NASDAQ
ENTA,Enanta Pharmaceuticals Inc.,NASDAQ
ENTG,Entegris,NASDAQ
EQIX,Equinix,NASDAQ
ERIC,Lm Ericsson Telephone Company,NASDAQ
ERIE,Erie Indemnity Company,NASDAQ
ERII,Energy Recovery,NASDAQ
ESCA,Escalade Inc.,NASDAQ
ESEA,Euroseas Ltd,NASDAQ
ESGR,Enstar Group Limited,NASDAQ
ESLT,Elbit Systems Ltd,NASDAQ
ESPR,Esperion Therapeutics Inc.,NASDAQ
ESSA,Essa Bancorp,NASDAQ
EWBC,East West Bancorp,NASDAQ
EXAS,Exact Sciences Corp.,NASDAQ
EXEL,Exelixis,NASDAQ
EXLS,Exlservice Holdings,NASDAQ
EXPD,Expeditors International Of Washington,NASDAQ
EXPE,Expedia,NASDAQ
EXPO,Exponent,NASDAQ
EXTR,Extreme Networks,NASDAQ
EZPW,Ezcorp,NASDAQ
FANG,Diamondback Energy Inc.,NASDAQ
FARM,Farmer Brothers Company,NASDAQ
FARO,Faro Technologies,NASDAQ
FAST,Fastenal Company,NASDAQ
FBIZ,First Business Financial Services,NASDAQ
FBNC,First Bancorp,NASDAQ
FCAP,First Capital,NASDAQ
FCBC,First Community Bancshares,NASDAQ
FCCO,First Community Corp.,NASDAQ
FCEL,Fuelcell Energy,NASDAQ
FCFS,First Cash Financial Services,NASDAQ
FCNCA,First Citizens Bancshares,NASDAQ
FDUS,Fidus Investment Corporation,NASDAQ
FEIM,Frequency Electronics,NASDAQ
FELE,Franklin Electric Co.,NASDAQ
FFBC,First Financial Bancorp.,NASDAQ
FFIC,Flushing Financial Corp.,NASDAQ
FFIN,First Financial Bankshares,NASDAQ
FFIV,F5 Networks,NASDAQ
FIBK,First Interstate Bancsystem,NASDAQ
FISI,Financial Institutions,NASDAQ
FITB,Fifth Third Bancorp,NASDAQ
FIVE,Five Below Inc.,NASDAQ
FIZZ,National Beverage,NASDAQ
FLEX,Flextronics International Ltd,NASDAQ
FLIC,The First Of Long Island Corp.,NASDAQ
FLL,Full House Resorts,NASDAQ
FLWS,1-800 Flowers.Com,NASDAQ
FLXS,Flexsteel Industries,NASDAQ
FMNB,Farmers Natl Banc Corp Oh,NASDAQ
FNLC,First Bancorp Inc [Me],NASDAQ
FOLD,Amicus Therapeutics,NASDAQ
FONR,Fonar Corp.,NASDAQ
FORD,Forward Industries,NASDAQ
FORM,Formfactor,NASDAQ
FORR,Forrester Research,NASDAQ
FORTY,Formula Systems Ltd,NASDAQ
FOSL,Fossil,NASDAQ
FOX,21St Century Fox Class B,NASDAQ
FOXA,21St Century Fox Class A,NASDAQ
FOXF,Fox Factory Holding Corp.,NASDAQ
FRME,First Merchants Corp.,NASDAQ
FSBW,Fs Bancorp Inc.,NASDAQ
FSFG,First Savings Financial Group,NASDAQ
FSLR,First Solar,NASDAQ
FSTR,L.B. Foster Company,NASDAQ
FTEK,Fuel Tech,NASDAQ
FTNT,Fortinet,NASDAQ
FULT,Fulton Financial Corp.,NASDAQ
FUNC,First United Corp.,NASDAQ
FUND,Royce Focus Trust,NASDAQ
FWRD,Forward Air Corp.,NASDAQ
GABC,German American Bancorp,NASDAQ
GAIA,Gaiam,NASDAQ
GAIN,Gladstone Investment Corp.,NASDAQ
GALT,Galectin Therapeutics Inc,NASDAQ
GAME,Shanda Games Limited,NASDAQ
GASS,Stealthgas,NASDAQ
GBCI,Glacier Bancorp,NASDAQ
GBDC,Golub Capital Bdc,NASDAQ
GBLI,Global Indemnity Plc,NASDAQ
GCBC,Greene County Bancorp,NASDAQ
GEOS,Oyo Geospace Corp.,NASDAQ
GERN,Geron Corp.,NASDAQ
GEVO,Gevo,NASDAQ
GGAL,Grupo Financiero Galicia S.A.,NASDAQ
GIFI,Gulf Island Fabrication,NASDAQ
GIGM,Gigamedia Limited,NASDAQ
GIII,G-III Apparel Group,NASDAQ
GILD,Gilead Sciences,NASDAQ
GILT,Gilat Satellite Networks Ltd,NASDAQ
GLAD,Gladstone Capital Corp.,NASDAQ
GLBS,Globus Maritime Limited,NASDAQ
GLBZ,Glen Burnie Bancorp,NASDAQ
GLDD,Great Lakes Dredge & Dock Corp.,NASDAQ
GLNG,Golar Lng Limited,NASDAQ
GLRE,Greenlight Capital Re,NASDAQ
GNTX,Gentex Corp.,NASDAQ
GOGO,Gogo Inc.,NASDAQ
GOOD,Gladstone Commercial Corp.,NASDAQ
GOODN,Gladstone Commercial Corporatio,NASDAQ
GOODO,Gladstone Commercial Corp.,NASDAQ
GOOG,Google Inc.,NASDAQ
GPOR,Gulfport Energy Corp.,NASDAQ
GPRE,Green Plains Renewable Energy,NASDAQ
GRFS,Grifols S.A.,NASDAQ
GRMN,Garmin Ltd,NASDAQ
GROW,U.S. Global Investors,NASDAQ
GRPN,Groupon Inc,NASDAQ
GRVY,Gravity Co.,NASDAQ
GSBC,Great Southern Bancorp,NASDAQ
GSIT,Gsi Technology,NASDAQ
GSM,Globe Specialty Metals Inc.,NASDAQ
GT,Goodyear Tire & Rubber Company,NASDAQ
GTIM,Good Times Restaurants Inc.,NASDAQ
GTLS,Chart Industries,NASDAQ
GURE,Gulf Resources,NASDAQ
GYRO,Gyrodyne Company Of America,NASDAQ
HAFC,Hanmi Financial Corp.,NASDAQ
HAIN,The Hain Celestial Group,NASDAQ
HALO,Halozyme Therapeutics,NASDAQ
HAS,Hasbro,NASDAQ
HBAN,Huntington Bancshares Inc.,NASDAQ
HBANP,Huntington Bancshares Inc.,NASDAQ
HBCP,Home Bancorp,NASDAQ
HBIO,Harvard Bioscience,NASDAQ
HBNC,Horizon Bancorp [In],NASDAQ
HCKT,The Hackett Group,NASDAQ
HCSG,Healthcare Services Group,NASDAQ
HDSN,Hudson Technologies,NASDAQ
HEES,H&E Equipment Services,NASDAQ
HELE,Helen Of Troy Limited,NASDAQ
HFBL,Home Federal Bancorp Inc. Of Louisiana,NASDAQ
HFWA,Heritage Financial Corp.,NASDAQ
HIFS,Hingham Institution For Savings,NASDAQ
HIHO,Highway Holdings,NASDAQ
HIMX,Himax Technologies,NASDAQ
HLIT,Harmonic Inc.,NASDAQ
HMST,Homestreet Inc.,NASDAQ
HNRG,Hallador Energy Company,NASDAQ
HOFT,Hooker Furniture Corp.,NASDAQ
HOLX,Hologic,NASDAQ
HOMB,Home Bancshares,NASDAQ
HOVNP,Hovnanian Enterprises Inc,NASDAQ
HRZN,Horizon Technology Finance Corp.,NASDAQ
HSIC,Henry Schein,NASDAQ
HSII,Heidrick & Struggles International,NASDAQ
HSON,Hudson Global Inc,NASDAQ
HSTM,Healthstream,NASDAQ
HTBK,Heritage Commerce Corp,NASDAQ
HTCO,Hickory Tech Corp.,NASDAQ
HTHT,China Lodging Group Limited,NASDAQ
HTLD,Heartland Express,NASDAQ
HUBG,Hub Group,NASDAQ
HURC,Hurco Companies,NASDAQ
HURN,Huron Consulting Group Inc.,NASDAQ
HWBK,Hawthorn Bancshares,NASDAQ
HWKN,Hawkins,NASDAQ
IART,Integra Lifesciences Holdings Corp.,NASDAQ
IBCP,Independent Bank Corp.,NASDAQ
IBKR,Interactive Brokers Group,NASDAQ
IBOC,International Bancshares Corp.,NASDAQ
ICAD,Icad Inc.,NASDAQ
ICCC,Immucell Corp.,NASDAQ
ICFI,Icf International,NASDAQ
ICLR,Icon Plc,NASDAQ
ICON,Iconix Brand Group,NASDAQ
ICUI,Icu Medical,NASDAQ
IDCC,Interdigital,NASDAQ
IDXX,Idexx Laboratories,NASDAQ
IEP,Icahn Enterprises L.P.,NASDAQ
IESC,Integrated Electrical Services,NASDAQ
III,Information Services Group,NASDAQ
IIIN,Insteel Industries,NASDAQ
ILMN,Illumina,NASDAQ
IMKTA,Ingles Markets Inc.,NASDAQ
IMMR,Immersion Corp.,NASDAQ
IMOS,Chipmos Technologies [Bermuda] Ltd,NASDAQ
INBK,First Internet Bancorp,NASDAQ
INCY,Incyte Corp.,NASDAQ
INDB,Independent Bank,NASDAQ
INFA,Informatica Corp.,NASDAQ
INOD,Innodata Isogen Inc,NASDAQ
INSM,Insmed,NASDAQ
INTC,Intel Corp.,NASDAQ
INTG,The Intergroup Corp.,NASDAQ
INTU,Intuit Inc.,NASDAQ
INVE,Identive Group,NASDAQ
IOSP,Innospec Inc.,NASDAQ
IPAR,Inter Parfums,NASDAQ
IPDN,Professional Diversity Network,NASDAQ
IPGP,Ipg Photonics Corp.,NASDAQ
IRBT,Irobot Corp.,NASDAQ
IRDM,Iridium Communications Inc,NASDAQ
IRIX,Iridex Corp.,NASDAQ
IROQ,If Bancorp Inc.,NASDAQ
IRWD,Ironwood Pharmaceuticals,NASDAQ
ISRG,Intuitive Surgical,NASDAQ
ISRL,Isramco,NASDAQ
ISSC,Innovative Solutions And Support,NASDAQ
ITIC,Investors Title Company,NASDAQ
ITRI,Itron,NASDAQ
ITRN,Ituran Location And Control Ltd,NASDAQ
JACK,Jack In The Box Inc.,NASDAQ
JAKK,Jakks Pacific,NASDAQ
JAZZ,Jazz Pharmaceuticals,NASDAQ
JBHT,J.B. Hunt Transport Services,NASDAQ
JBLU,Jetblue Airways Corp.,NASDAQ
JBSS,John B. Sanfilippo & Son,NASDAQ
JJSF,J & J Snack Foods,NASDAQ
JKHY,Jack Henry & Associates,NASDAQ
JOUT,Johnson Outdoors Inc.,NASDAQ
JSM,Slm Corp.,NASDAQ
JVA,Coffee Holding Co.,NASDAQ
KALU,Kaiser Aluminum Corp.,NASDAQ
KELYA,Kelly Services,NASDAQ
KELYB,Kelly Services,NASDAQ
KEQU,Kewaunee Scientific Corp.,NASDAQ
KFFB,Kentucky First Federal Bancorp,NASDAQ
KFRC,Kforce,NASDAQ
KINS,Kingstone Companies Inc,NASDAQ
KIRK,Kirkland's,NASDAQ
KLAC,Kla-Tencor Corp.,NASDAQ
KLIC,Kulicke And Soffa Industries,NASDAQ
KMDA,Kamada Ltd.,NASDAQ
KNDI,Kandi Technolgies,NASDAQ
KOPN,Kopin Corp.,NASDAQ
KOSS,Koss Corp.,NASDAQ
KRNY,Kearny Financial,NASDAQ
KTCC,Key Tronic Corp.,NASDAQ
KTOS,Kratos Defense & Security Solutions,NASDAQ
KVHI,Kvh Industries,NASDAQ
LAKE,Lakeland Industries,NASDAQ
LAMR,Lamar Advertising Company,NASDAQ
LANC,Lancaster Colony Corp.,NASDAQ
LAND,Gladstone Land Corporation,NASDAQ
LARK,Landmark Bancorp Inc.,NASDAQ
LBTYA,Liberty Global,NASDAQ
LBTYB,Liberty Global,NASDAQ
LBTYK,Liberty Global,NASDAQ
LCNB,Lcnb Corporation,NASDAQ
LCUT,Lifetime Brands,NASDAQ
LECO,Lincoln Electric Holdings,NASDAQ
LEDS,Semileds Corp.,NASDAQ
LFUS,Littelfuse,NASDAQ
LFVN,Lifevantage Corp,NASDAQ
LGND,Ligand Pharmaceuticals Inc.,NASDAQ
LINC,Lincoln Educational Services Corp.,NASDAQ
LINE,Linn Energy Llc,NASDAQ
LION,Fidelity Southern Corp.,NASDAQ
LIVE,Livedeal,NASDAQ
LKFN,Lakeland Financial Corp.,NASDAQ
LKQ,Lkq Corp.,NASDAQ
LMAT,Lemaitre Vascular,NASDAQ
LMNR,Limoneira Co,NASDAQ
LOAN,Manhattan Bridge Capital Inc,NASDAQ
LOGI,Logitech International S.A.,NASDAQ
LOPE,Grand Canyon Education,NASDAQ
LPLA,Lpl Investment Holdings Inc.,NASDAQ
LPSN,Liveperson,NASDAQ
LPTH,Lightpath Technologies,NASDAQ
LQDT,Liquidity Services,NASDAQ
LRCX,Lam Research Corp.,NASDAQ
LSBK,Lake Shore Bancorp,NASDAQ
LSCC,Lattice Semiconductor Corp.,NASDAQ
LSTR,Landstar System,NASDAQ
LTBR,Lightbridge Corp.,NASDAQ
LTRX,Lantronix,NASDAQ
LULU,Lululemon Athletica Inc.,NASDAQ
LWAY,Lifeway Foods,NASDAQ
LXRX,Lexicon Pharmaceuticals,NASDAQ
LYTS,Lsi Industries Inc.,NASDAQ
MANH,Manhattan Associates,NASDAQ
MARPS,Marine Petroleum Trust,NASDAQ
MASI,Masimo Corp.,NASDAQ
MAT,Mattel,NASDAQ
MATW,Matthews International Corp.,NASDAQ
MAYS,J. W. Mays,NASDAQ
MBWM,Mercantile Bank Corp.,NASDAQ
MCHP,Microchip Technology Inc.,NASDAQ
MCHX,Marchex,NASDAQ
MCRI,Monarch Casino & Resort,NASDAQ
MDLZ,Mondelez International Inc. Cl A,NASDAQ
MDXG,Mimedx Group Inc,NASDAQ
MEIP,Mei Pharma Inc,NASDAQ
MELI,Mercadolibre,NASDAQ
MEOH,Methanex Corp.,NASDAQ
MERC,Mercer International Inc.,NASDAQ
MFI,Microfinancial Inc.,NASDAQ
MGEE,Mge Energy Inc.,NASDAQ
MGIC,Magic Software Enterprises Ltd,NASDAQ
MGPI,Mgp Ingredients,NASDAQ
MGRC,Mcgrath Rentcorp,NASDAQ
MGYR,Magyar Bancorp,NASDAQ
MHLD,Maiden Hldgs Ltd,NASDAQ
MIDD,The Middleby Corp.,NASDAQ
MIND,Mitcham Industries,NASDAQ
MITK,Mitek Systems Inc,NASDAQ
MKSI,Mks Instruments,NASDAQ
MKTX,Marketaxess Holdings,NASDAQ
MLAB,Mesa Laboratories,NASDAQ
MLNK,Moduslink Global Solutions Inc,NASDAQ
MMLP,Martin Midstream Partners L.P.,NASDAQ
MMSI,Merit Medical Systems,NASDAQ
MMYT,Makemytrip Limited,NASDAQ
MNDO,Mind C.T.I. Ltd,NASDAQ
MNKD,Mannkind Corp.,NASDAQ
MNOV,Medicinova,NASDAQ
MNRO,Monro Muffler Brake,NASDAQ
MNST,Monster Beverage Corp,NASDAQ
MOFG,Midwestone Financial Group,NASDAQ
MORN,Morningstar,NASDAQ
MOVE,Move Inc,NASDAQ
MPAA,Motorcar Parts Of America,NASDAQ
MPB,Mid Penn Bancorp,NASDAQ
MPWR,Monolithic Power Systems,NASDAQ
MRCC,Monroe Capital Corporation,NASDAQ
MRCY,Mercury Computer Systems,NASDAQ
MRTN,Marten Transport,NASDAQ
MRVL,Marvell Technology Group,NASDAQ
MSEX,Middlesex Water Company,NASDAQ
MSFT,Microsoft Corp.,NASDAQ
MSTR,Microstrategy Inc.,NASDAQ
MTEX,Mannatech Inc.,NASDAQ
MTRX,Matrix Service Company,NASDAQ
MTSI,M/A-Com Technology Solutions Ho,NASDAQ
MU,Micron Technology,NASDAQ
MVIS,Microvision,NASDAQ
MYGN,Myriad Genetics,NASDAQ
MYRG,Myr Group,NASDAQ
NAII,Natural Alternatives International,NASDAQ
NATH,Nathan's Famous,NASDAQ
NATL,National Interstate Corp.,NASDAQ
NATR,Nature's Sunshine Products,NASDAQ
NBIX,Neurocrine Biosciences,NASDAQ
NBN,Northeast Bancorp,NASDAQ
NBTB,Nbt Bancorp Inc.,NASDAQ
NCLH,Norwegian Cruise Line Holdings,NASDAQ
NCMI,National Cinemedia,NASDAQ
NCTY,The9 Limited,NASDAQ
NDAQ,The Nasdaq Omx Group,NASDAQ
NDLS,Noodles & Company,NASDAQ
NDSN,Nordson Corp.,NASDAQ
NECB,Northeast Community Bancorp,NASDAQ
NEO,Neogenomics Inc,NASDAQ
NEOG,Neogen Corp.,NASDAQ
NEON,Neonode Inc.,NASDAQ
NEWT,Newtek Business Services Inc.,NASDAQ
NFBK,Northfield Bancorp,NASDAQ
NFLX,Netflix,NASDAQ
NICE,Nice-Systems Limited,NASDAQ
NINE,Ninetowns Internet Technology Group,NASDAQ
NKSH,National Bankshares,NASDAQ
NKTR,Nektar Therapeutics,NASDAQ
NNBR,Nn Inc.,NASDAQ
NRIM,Northrim Bancorp Inc,NASDAQ
NSIT,Insight Enterprises,NASDAQ
NSSC,Napco Security Technologies,NASDAQ
NSYS,Nortech Systems Inc.,NASDAQ
NTAP,Netapp,NASDAQ
NTCT,Netscout Systems,NASDAQ
NTES,Netease Inc,NASDAQ
NTGR,Netgear,NASDAQ
NTIC,Northern Technologies International,NASDAQ
NTRS,Northern Trust Corp.,NASDAQ
NTWK,Netsol Technologies Inc.,NASDAQ
NVAX,Novavax,NASDAQ
NVDA,Nvidia Corp.,NASDAQ
NVEC,Nve Corp.,NASDAQ
NVMI,Nova Measuring Instruments Ltd,NASDAQ
NWBI,Northwest Bancshares,NASDAQ
NWFL,Norwood Financial,NASDAQ
NWPX,Northwest Pipe Company,NASDAQ
NWS,News Corp Class B,NASDAQ
NWSA,News Corp Class A,NASDAQ
NXPI,Nxp Semiconductors N.V.,NASDAQ
NXST,Nexstar Broadcasting Group,NASDAQ
NYMT,New York Mortgage Trust,NASDAQ
OCC,Optical Cable Corp.,NASDAQ
OCFC,Oceanfirst Financial,NASDAQ
ODFL,Old Dominion Freight Line,NASDAQ
OFIX,Orthofix International N.V.,NASDAQ
OFLX,Omega Flex,NASDAQ
OFS,Ofs Capital Corporation,NASDAQ
OLED,Universal Display Corp.,NASDAQ
OMAB,Grupo Aeroportuario Del Centro,NASDAQ
OMCL,Omnicell,NASDAQ
OMER,Omeros Corp.,NASDAQ
OMEX,Odyssey Marine Exploration,NASDAQ
ONB,Old National Bancorp Capital,NASDAQ
ONCY,Oncolytics Biotech,NASDAQ
OPEN,Opentable,NASDAQ
OPOF,Old Point Financial Corp.,NASDAQ
ORLY,O'Reilly Automotive,NASDAQ
ORMP,Oramed Pharmaceuticl,NASDAQ
ORRF,Orrstown Financial Services Inc,NASDAQ
OSBC,Old Second Bancorp,NASDAQ
OSIS,Osi Systems,NASDAQ
OSUR,Orasure Technologies,NASDAQ
OTEX,Open Text Corp.,NASDAQ
OTTR,Otter Tail Corp.,NASDAQ
OVBC,Ohio Valley Banc,NASDAQ
OVLY,Oak Valley Bancorp [Ca],NASDAQ
OXLC,Oxford Lane Capital,NASDAQ
OXLCO,Oxford Lane Capital Corp.,NASDAQ
OXLCP,Oxford Lane Capital Corp.,NASDAQ
PAAS,Pan American Silver,NASDAQ
PACB,Pacific Biosciences Of California,NASDAQ
PAMT,Parametric Sound,NASDAQ
PATH,Nupathe Inc.,NASDAQ
PATK,Patrick Industries,NASDAQ
PAYX,Paychex,NASDAQ
PBHC,Pathfinder Bancorp,NASDAQ
PCAR,Paccar Inc.,NASDAQ
PCH,Potlatch Corp.,NASDAQ
PCRX,Pacira Pharmaceuticals,NASDAQ
PCYO,Pure Cycle Corp.,NASDAQ
PDEX,Pro-Dex,NASDAQ
PDFS,Pdf Solutions,NASDAQ
PEBK,Peoples Bancorp Of North Carolina,NASDAQ
PEBO,Peoples Bancorp Inc.,NASDAQ
PEGA,Pegasystems Inc.,NASDAQ
PENN,Penn National Gaming,NASDAQ
PERF,Perfumania Holdings Inc,NASDAQ
PERI,Perion Network Ltd,NASDAQ
PESI,Perma-Fix Environmental Services,NASDAQ
PETS,Petmed Express,NASDAQ
PFBC,Preferred Bank,NASDAQ
PFLT,Pennantpark Floating Rate Capit,NASDAQ
PGC,Peapack-Gladstone Financial Corp.,NASDAQ
PKBK,Parke Bancorp,NASDAQ
PKOH,Park-Ohio Holdings,NASDAQ
PLAB,Photronics,NASDAQ
PLBC,Plumas Bancorp,NASDAQ
PLCE,The Children's Place Retail Stores,NASDAQ
PLPC,Preformed Line Products Company,NASDAQ
PLUG,Plug Power,NASDAQ
PLUS,Eplus Inc.,NASDAQ
PLXS,Plexus,NASDAQ
PNBK,Patriot National Bancorp Inc.,NASDAQ
PNFP,Pinnacle Financial Partners,NASDAQ
PNNT,Pennantpark Investment Corp.,NASDAQ
PNRG,Primeenergy Corp.,NASDAQ
PODD,Insulet Corp.,NASDAQ
POOL,Pool Corp.,NASDAQ
POWI,Power Integrations,NASDAQ
POWL,Powell Industries,NASDAQ
PPBI,Pacific Premier Bancorp Inc,NASDAQ
PPC,Pilgrim's Pride Corp.,NASDAQ
PRAA,Portfolio Recovery Associates,NASDAQ
PRGS,Progress Software Corp.,NASDAQ
PRIM,Primoris Services Corp.,NASDAQ
PROV,Provident Financial Holdings,NASDAQ
PRPH,Prophase Labs,NASDAQ
PRTA,Prothena Corporation Plc,NASDAQ
PRTS,U.S. Auto Parts Network,NASDAQ
PSEC,Prospect Capital Corp.,NASDAQ
PSIX,Power Solutions Inte,NASDAQ
PSMT,Pricesmart,NASDAQ
PTCT,Ptc Therapeutics Inc.,NASDAQ
PTEN,Patterson-Uti Energy,NASDAQ
PTIX,Performance Technologies Inc.,NASDAQ
PWOD,Penns Woods Bancorp,NASDAQ
PXLW,Pixelworks,NASDAQ
PZZA,Papa John's International,NASDAQ
QCOM,Qualcomm Inc.,NASDAQ
QCRH,Qcr Holdings,NASDAQ
QDEL,Quidel Corp.,NASDAQ
QGEN,Qiagen N.V.,NASDAQ
QLYS,Qualys Inc.,NASDAQ
QNST,Quinstreet,NASDAQ
QQQX,Nasdaq Premium Income And Growth,NASDAQ
QUIK,Quicklogic Corp.,NASDAQ
RAIL,Freightcar America,NASDAQ
RAND,Rand Capital Corp.,NASDAQ
RBCAA,Republic Bancorp,NASDAQ
RCKY,Rocky Brands,NASDAQ
RCMT,Rcm Technologies,NASDAQ
RCON,Recon Technology,NASDAQ
RDCM,Radcom Ltd,NASDAQ
RDHL,Redhill Biopharma Ltd.,NASDAQ
RDI,Reading International Inc,NASDAQ
RDIB,Reading International Inc,NASDAQ
RDNT,Radnet,NASDAQ
RDWR,Radware Ltd,NASDAQ
REFR,Research Frontiers Inc.,NASDAQ
REGN,Regeneron Pharmaceuticals,NASDAQ
RELL,Richardson Electronics,NASDAQ
RENT,Rentrak Corp.,NASDAQ
RFIL,Rf Industries,NASDAQ
RGCO,Rgc Resources Inc.,NASDAQ
RGEN,Repligen Corp.,NASDAQ
RGLD,Royal Gold,NASDAQ
RGLS,Regulus Therapeutics Inc.,NASDAQ
RICK,Rick's Cabaret International,NASDAQ
RIGL,Rigel Pharmaceuticals,NASDAQ
RMBS,Rambus,NASDAQ
RMCF,Rocky Mountain Chocolate Factory,NASDAQ
RMTI,Rockwell Medical Technologies,NASDAQ
RNA,Prosensa Holding B.V.,NASDAQ
RNST,Renasant Corp.,NASDAQ
ROCK,Gibraltar Industries,NASDAQ
ROMA,Roma Financial Corp.,NASDAQ
ROST,Ross Stores,NASDAQ
RPRX,Repros Therapeutics Inc.,NASDAQ
RRGB,Red Robin Gourmet Burgers,NASDAQ
RUSHA,Rush Enterprises,NASDAQ
RUSHB,Rush Enterprises,NASDAQ
RVSB,Riverview Bancorp Inc,NASDAQ
RYAAY,Ryanair Holdings Plc,NASDAQ
SAFT,Safety Insurance Group,NASDAQ
SAIA,Saia,NASDAQ
SAMG,Silvercrest Asset Management Gr,NASDAQ
SANM,Sanmina-Sci Corp.,NASDAQ
SANW,S&W Seed Company,NASDAQ
SATS,Echostar Corp.,NASDAQ
SBAC,SBA Communications Corp.,NASDAQ
SBCF,Seacoast Banking Corporation Of Florida,NASDAQ
SBFG,Sb Financial Group Inc.,NASDAQ
SBGI,Sinclair Broadcast Group,NASDAQ
SBLK,Star Bulk Carriers,NASDAQ
SBRA,Sabra Healthcare REIT,NASDAQ
SBSI,Southside Bancshares,NASDAQ
SBUX,Starbucks Corp.,NASDAQ
SCHL,Scholastic Corp.,NASDAQ
SCOR,Comscore,NASDAQ
SCSC,Scansource,NASDAQ
SCVL,Shoe Carnival,NASDAQ
SEED,Origin Agritech Limited,NASDAQ
SEIC,Sei Investments Company,NASDAQ
SENEA,Seneca Foods,NASDAQ
SENEB,Seneca Foods,NASDAQ
SFBC,Sound Financial Inc,NASDAQ
SFM,Sprouts Farmers Market Inc.,NASDAQ
SFNC,Simmons First National Corp.,NASDAQ
SFST,Southern First Bancshares,NASDAQ
SGC,Superior Uniform Group,NASDAQ
SGI,Silicon Graphics International Corp,NASDAQ
SGMA,Sigmatron International,NASDAQ
SGMO,Sangamo Biosciences,NASDAQ
SGRP,Spar Group,NASDAQ
SHBI,Shore Bancshares Inc,NASDAQ
SHEN,Shenandoah Telecommunications Co,NASDAQ
SHIP,Seanergy Maritime Holdings Corp,NASDAQ
SHOO,Steven Madden,NASDAQ
SIEB,Siebert Financial,NASDAQ
SIFY,Sify Technologies Limited,NASDAQ
SIGA,Siga Technologies Inc.,NASDAQ
SIGI,Selective Insurance Group,NASDAQ
SILC,Silicom Ltd,NASDAQ
SIMO,Silicon Motion Technology Corp.,NASDAQ
SIRI,Sirius Xm Radio Inc.,NASDAQ
SKYW,Skywest,NASDAQ
SLAB,Silicon Laboratories,NASDAQ
SLGN,Silgan Holdings,NASDAQ
SLM,Slm Corp.,NASDAQ
SLMBP,Slm Corp Pfd B,NASDAQ
SLP,Simulations Plus,NASDAQ
SLRC,Solar Capital Ltd,NASDAQ
SMBC,Southern Missouri Bancorp,NASDAQ
SMCI,Super Micro Computer,NASDAQ
SMPL,Kaiser Federal Financial Group,NASDAQ
SMRT,Stein Mart,NASDAQ
SMSI,Smith Micro Software,NASDAQ
SMTC,Semtech Corp.,NASDAQ
SNCR,Synchronoss Technologies,NASDAQ
SNDK,Sandisk Corp.,NASDAQ
SNFCA,Security National Financial Corp.,NASDAQ
SNPS,Synopsys,NASDAQ
SOHO,Sotherly Hotels Inc.,NASDAQ
SOHU,Sohu.Com Inc.,NASDAQ
SPNS,Sapiens International Corporation N.V.,NASDAQ
SPRO,Smartpros Ltd,NASDAQ
SPSC,Sps Commerce,NASDAQ
SPTN,Spartan Stores,NASDAQ
SPWR,Sunpower Corp.,NASDAQ
SRCE,1St Source Corp.,NASDAQ
SRDX,Surmodics,NASDAQ
SRPT,Sarepta Therapeutics Inc,NASDAQ
SSBI,Summit State Bank,NASDAQ
SSNC,SS&C Technologies Holdings,NASDAQ
SSYS,Stratasys,NASDAQ
STAA,Staar Surgical Company,NASDAQ
STBA,S&T Bancorp,NASDAQ
STEC,Stec,NASDAQ
STEL,Stellarone Corp.,NASDAQ
STEM,Stemcells,NASDAQ
STKL,Sunopta,NASDAQ
STLD,Steel Dynamics,NASDAQ
STRA,Strayer Education,NASDAQ
STRL,Sterling Construction Company Inc,NASDAQ
STRM,Streamline Health Solutions,NASDAQ
STRS,Stratus Properties,NASDAQ
STRT,Strattec Security Corp.,NASDAQ
STX,Seagate Technology.,NASDAQ
SUNS,Solar Senior Capital Ltd.,NASDAQ
SUPN,Supernus Pharmaceuticals Inc.,NASDAQ
SURG,Synergetics USA,NASDAQ
SWKS,Skyworks Solutions,NASDAQ
SYBT,S.Y. Bancorp,NASDAQ
SYNA,Synaptics Inc.,NASDAQ
SYPR,Sypris Solutions,NASDAQ
TACT,Transact Technologies Inc.,NASDAQ
TAIT,Taitron Components Inc.,NASDAQ
TATT,Tat Technologies Ltd,NASDAQ
TAYD,Taylor Devices,NASDAQ
TBBK,The Bancorp,NASDAQ
TCBI,Texas Capital Bancshares,NASDAQ
TCBK,Trico Bancshares,NASDAQ
TCPC,Tcp Capital Corp.,NASDAQ
TECH,Techne Corp.,NASDAQ
TFSL,Tfs Financial Corp.,NASDAQ
TGTX,Tg Therapeutics,NASDAQ
THFF,First Financial Corporation Indiana,NASDAQ
THRD,Tf Financial Corp.,NASDAQ
THRM,Amerigon Incorporated,NASDAQ
TIGR,Tigerlogic Corp.,NASDAQ
TILE,Interface,NASDAQ
TIPT,Tiptree Financial Inc.,NASDAQ
TITN,Titan Machinery Inc.,NASDAQ
TLF,Tandy Leather Factory,NASDAQ
TNXP,Tonix Pharm Hldg Cor,NASDAQ
TOWN,Towne Bank,NASDAQ
TRAK,Dealertrack Holdings,NASDAQ
TREE,Tree.Com,NASDAQ
TRIB,Trinity Biotech Plc,NASDAQ
TRIP,Tripadvisor Inc.,NASDAQ
TRMB,Trimble Navigation Limited,NASDAQ
TRMK,Trustmark Corp.,NASDAQ
TRNS,Transcat,NASDAQ
TROW,T. Rowe Price Group,NASDAQ
TRS,Trimas Corp.,NASDAQ
TRST,Trustco Bank Corp NY,NASDAQ
TSBK,Timberland Bancorp,NASDAQ
TSCO,Tractor Supply Company,NASDAQ
TSEM,Tower Semiconductor Ltd,NASDAQ
TSLA,Tesla Motors,NASDAQ
TTEC,Teletech Holdings,NASDAQ
TTEK,Tetra Tech,NASDAQ
TTGT,Techtarget,NASDAQ
TTMI,Ttm Technologies,NASDAQ
TTWO,Take-Two Interactive Software,NASDAQ
TWIN,Twin Disc Inc.,NASDAQ
TXN,Texas Instruments Inc.,NASDAQ
TXRH,Texas Roadhouse,NASDAQ
TZOO,Travelzoo Inc,NASDAQ
UBCP,United Bancorp,NASDAQ
UBFO,United Security Bancshares,NASDAQ
UBSI,United Bankshares,NASDAQ
UCTT,Ultra Clean Holdings,NASDAQ
UEIC,Universal Electronics Inc.,NASDAQ
UFCS,United Fire Group Inc.,NASDAQ
UFPI,Universal Forest Products,NASDAQ
UFPT,Ufp Technologies,NASDAQ
UG,United-Guardian,NASDAQ
UHAL,Amerco,NASDAQ
ULBI,Ultralife Corp.,NASDAQ
ULTA,Ulta Salon Cosmetics & Fragrance,NASDAQ
UMBF,Umb Financial Corp.,NASDAQ
UNB,Union Bankshares,NASDAQ
UNFI,United Natural Foods,NASDAQ
UNTY,Unity Bancorp,NASDAQ
URBN,Urban Outfitters,NASDAQ
USEG,U.S. Energy,NASDAQ
USLM,United States Lime & Minerals,NASDAQ
UTHR,United Therapeutics Corp.,NASDAQ
UTMD,Utah Medical Products,NASDAQ
UTSI,Ustarcom Holdings Corp.,NASDAQ
UVSP,Univest Corporation Of Pennsylvania,NASDAQ
VALU,Value Line,NASDAQ
VECO,Veeco Instruments Inc.,NASDAQ
VICR,Vicor Corp.,NASDAQ
VIRC,Virco Manufacturing Corp.,NASDAQ
VLGEA,Village Super Market,NASDAQ
VNDA,Vanda Pharmaceuticals Inc.,NASDAQ
VNET,21Vianet Group Inc.,NASDAQ
VOD,Vodafone Group Plc,NASDAQ
VRA,Vera Bradley,NASDAQ
VRNT,Verint Systems Inc.,NASDAQ
VRSK,Verisk Analytics,NASDAQ
VRSN,Verisign,NASDAQ
VRTS,Virtus Investment Partners,NASDAQ
VRTX,Vertex Pharmaceuticals Inc.,NASDAQ
VSAT,Viasat,NASDAQ
VSEC,Vse Corp.,NASDAQ
VSTM,Verastem Inc.,NASDAQ
WABC,Westamerica Bancorporation,NASDAQ
WAFD,Washington Federal,NASDAQ
WASH,Washington Trust Bancorp,NASDAQ
WDC,Western Digital Corp.,NASDAQ
WDFC,Wd-40 Company,NASDAQ
WEN,The Wendy's Company,NASDAQ
WERN,Werner Enterprises,NASDAQ
WEYS,Weyco Group,NASDAQ
WHF,Whitehorse Finance Inc.,NASDAQ
WHLR,Wheeler Real Estate Investment,NASDAQ
WILC,G. Willi-Food International Ltd,NASDAQ
WINA,Winmark Corp.,NASDAQ
WLDN,Willdan Group,NASDAQ
WLFC,Willis Lease Finance Corp.,NASDAQ
WOOF,Vca Antech,NASDAQ
WPRT,Westport Innovations Inc,NASDAQ
WRLD,World Acceptance Corp.,NASDAQ
WSBC,Wesbanco,NASDAQ
WSBF,Waterstone Financial,NASDAQ
WSFS,Wsfs Financial Corp.,NASDAQ
WTBA,West Bancorporation,NASDAQ
WTFC,Wintrust Financial Corp.,NASDAQ
WVVI,Willamette Valley Vineyards,NASDAQ
WWD,Woodward,NASDAQ
WYNN,Wynn Resorts Limited,NASDAQ
XOMA,Xoma Ltd,NASDAQ
XRAY,Dentsply International Inc.,NASDAQ
XRTX,Xyratex Ltd,NASDAQ
XTLB,Xtl Biopharma Ads,NASDAQ
YORW,The York Water Company,NASDAQ
Z,Zillow Inc. Cl A,NASDAQ
ZBRA,Zebra Technologies Corporation,NASDAQ
ZEUS,Olympic Steel,NASDAQ
ZION,Zions Bancorporation,NASDAQ
ZUMZ,Zumiez Inc.,NASDAQ
